Actual, Estimate
9,65.0
205,181.0
20,25.0
5,0.0
192,158.0
15,0.0
175,153.0
9,0.0
42,38.0
358,320.0
51,72.0
12,0.0
200,232.0
103,98.0
13,56.0
109,98.0
129,134.0
123,111.0
20,34.0
2,3.0
123,111.0
10,0.0
106,118.0
90,54.0
16,19.0
51,61.0
18,15.0
87,106.0
190,161.0
8,1.0
12,21.0
17,34.0
9,9.0
120,108.0
101,74.0
126,164.0
346,287.0
129,106.0
374,347.0
16,34.0
302,297.0
362,364.0
56,65.0
22,84.0
266,207.0
211,210.0
26,0.0
129,150.0
48,54.0
46,23.0
6,15.0
4,0.0
21,0.0
103,79.0
138,134.0
289,294.0
20,43.0
358,339.0
12,34.0
218,217.0
309,324.0
5,34.0
12,0.0
31,21.0
72,84.0
218,207.0
4,0.0
40,32.0
272,324.0
200,187.0
5,0.0
13,7.0
25,36.0
6,11.0
22,17.0
110,111.0
14,19.0
8,34.0
4,5.0
81,142.0
228,249.0
7,0.0
2,0.0
144,198.0
68,89.0
3,0.0
312,324.0
55,15.0
52,43.0
2,0.0
4,0.0
2,7.0
270,255.0
102,111.0
46,67.0
122,108.0
30,0.0
113,116.0
14,23.0
197,245.0
212,210.0
66,61.0
202,255.0
16,40.0
44,32.0
104,136.0
305,327.0
393,381.0
2,0.0
48,67.0
5,25.0
13,15.0
31,28.0
6,0.0
32,52.0
86,61.0
128,126.0
54,47.0
356,368.0
23,32.0
2,23.0
95,72.0
38,52.0
13,0.0
39,67.0
20,79.0
21,13.0
5,11.0
11,30.0
83,86.0
33,23.0
10,0.0
3,32.0
64,79.0
212,223.0
4,40.0
11,19.0
212,204.0
209,153.0
12,21.0
6,45.0
392,385.0
156,178.0
7,0.0
14,30.0
177,178.0
9,0.0
143,111.0
7,9.0
9,25.0
5,11.0
19,54.0
32,0.0
14,25.0
3,49.0
12,0.0
296,262.0
50,47.0
2,40.0
18,0.0
39,19.0
84,84.0
10,13.0
203,201.0
18,32.0
2,0.0
7,0.0
57,70.0
453,460.0
462,560.0
39,36.0
2,15.0
11,0.0
45,45.0
421,430.0
40,38.0
4,1.0
8,9.0
93,123.0
370,364.0
2,0.0
5,21.0
47,52.0
31,40.0
238,236.0
12,0.0
70,61.0
15,13.0
20,21.0
4,0.0
5,0.0
19,54.0
5,9.0
141,142.0
6,38.0
4,0.0
126,113.0
16,0.0
18,0.0
2,0.0
84,67.0
234,242.0
207,161.0
30,23.0
26,1.0
375,412.0
36,11.0
2,0.0
10,11.0
30,7.0
117,116.0
6,49.0
8,89.0
5,7.0
96,131.0
181,232.0
177,150.0
23,3.0
48,23.0
7,1.0
155,136.0
14,0.0
10,0.0
199,232.0
242,290.0
14,1.0
8,23.0
48,96.0
176,129.0
10,13.0
5,36.0
16,11.0
110,103.0
20,3.0
15,11.0
18,17.0
193,187.0
2,0.0
20,19.0
69,21.0
153,139.0
335,320.0
23,15.0
210,192.0
11,30.0
75,98.0
189,210.0
103,118.0
242,201.0
133,184.0
5,0.0
2,23.0
4,0.0
465,421.0
303,312.0
50,32.0
114,108.0
12,9.0
364,359.0
20,13.0
12,30.0
131,192.0
7,34.0
32,40.0
313,381.0
76,103.0
288,269.0
4,0.0
9,0.0
182,192.0
8,32.0
69,52.0
9,7.0
463,455.0
22,15.0
32,1.0
16,0.0
40,13.0
227,195.0
17,28.0
174,201.0
352,347.0
13,3.0
2,0.0
22,19.0
9,3.0
275,305.0
13,28.0
20,21.0
5,21.0
244,242.0
7,43.0
24,47.0
4,9.0
89,72.0
6,23.0
50,40.0
10,13.0
93,81.0
98,136.0
2,0.0
2,0.0
8,0.0
310,255.0
4,5.0
7,0.0
15,0.0
2,1.0
53,70.0
66,65.0
82,49.0
48,36.0
8,17.0
472,412.0
121,101.0
16,34.0
36,58.0
23,0.0
107,129.0
69,116.0
26,43.0
4,5.0
364,351.0
24,28.0
490,430.0
117,155.0
13,49.0
83,98.0
106,101.0
9,0.0
140,118.0
30,0.0
124,108.0
2,15.0
6,0.0
66,89.0
25,32.0
7,34.0
10,7.0
20,17.0
88,43.0
2,0.0
2,0.0
202,139.0
3,3.0
4,54.0
52,38.0
11,23.0
2,5.0
175,150.0
45,34.0
21,0.0
38,11.0
24,5.0
24,3.0
2,13.0
5,0.0
29,11.0
165,187.0
237,220.0
9,54.0
41,38.0
29,21.0
17,13.0
11,5.0
107,111.0
7,0.0
70,58.0
8,11.0
6,7.0
10,7.0
112,153.0
228,252.0
8,40.0
15,28.0
50,15.0
2,0.0
115,121.0
28,56.0
5,0.0
2,15.0
2,0.0
8,21.0
7,0.0
127,116.0
6,0.0
464,407.0
65,77.0
12,32.0
41,61.0
14,11.0
6,21.0
16,0.0
4,7.0
285,266.0
461,445.0
46,81.0
20,34.0
2,3.0
4,0.0
39,70.0
97,103.0
9,1.0
13,9.0
28,15.0
22,13.0
2,0.0
270,283.0
131,164.0
37,36.0
9,30.0
11,0.0
20,0.0
2,15.0
20,32.0
45,23.0
2,1.0
11,5.0
22,13.0
180,214.0
4,17.0
57,77.0
144,103.0
151,136.0
39,52.0
240,207.0
32,56.0
8,13.0
2,9.0
20,15.0
327,297.0
48,74.0
10,21.0
14,17.0
104,93.0
25,40.0
212,249.0
15,3.0
124,101.0
390,398.0
6,0.0
354,372.0
35,30.0
132,134.0
18,0.0
62,45.0
8,3.0
4,0.0
16,40.0
2,0.0
134,106.0
105,77.0
34,25.0
10,15.0
35,21.0
67,52.0
32,58.0
4,17.0
4,0.0
20,0.0
195,217.0
2,0.0
413,440.0
4,0.0
12,0.0
20,7.0
20,9.0
8,0.0
8,17.0
4,5.0
82,36.0
147,172.0
2,28.0
24,23.0
145,113.0
101,121.0
12,13.0
4,0.0
13,21.0
31,54.0
8,0.0
9,1.0
13,17.0
8,7.0
100,121.0
176,181.0
27,0.0
174,161.0
4,34.0
6,13.0
59,15.0
14,0.0
123,131.0
9,34.0
17,0.0
96,52.0
11,40.0
21,13.0
12,34.0
22,11.0
488,566.0
55,72.0
3,58.0
14,0.0
193,220.0
67,63.0
10,17.0
26,25.0
148,116.0
23,7.0
126,153.0
24,19.0
407,480.0
4,0.0
73,86.0
20,19.0
268,266.0
42,58.0
111,106.0
19,0.0
8,19.0
30,54.0
22,65.0
70,103.0
2,11.0
20,13.0
18,25.0
22,0.0
54,58.0
390,376.0
2,21.0
9,25.0
2,0.0
8,0.0
4,11.0
18,0.0
73,79.0
6,23.0
20,40.0
2,28.0
6,21.0
130,86.0
9,0.0
2,47.0
19,0.0
12,15.0
337,351.0
13,0.0
78,98.0
14,21.0
37,45.0
2,52.0
4,34.0
36,45.0
82,150.0
10,1.0
56,65.0
6,0.0
17,7.0
13,23.0
15,0.0
13,21.0
5,0.0
20,0.0
92,96.0
4,13.0
16,0.0
169,155.0
36,32.0
14,0.0
4,0.0
7,0.0
55,86.0
14,0.0
3,9.0
154,155.0
10,54.0
232,217.0
6,0.0
157,134.0
79,72.0
6,13.0
2,7.0
2,0.0
223,226.0
3,63.0
20,3.0
21,0.0
5,0.0
332,385.0
8,28.0
14,13.0
15,23.0
164,131.0
54,113.0
303,283.0
12,1.0
17,3.0
283,236.0
20,9.0
2,0.0
7,3.0
20,21.0
4,3.0
81,106.0
4,0.0
144,172.0
6,0.0
4,25.0
4,19.0
115,142.0
22,11.0
30,40.0
21,40.0
197,210.0
3,49.0
16,0.0
37,32.0
8,0.0
122,118.0
2,0.0
5,43.0
172,184.0
108,142.0
24,15.0
3,40.0
419,403.0
10,21.0
256,276.0
2,13.0
45,43.0
4,5.0
2,0.0
4,0.0
112,91.0
4,0.0
14,23.0
256,339.0
87,89.0
10,34.0
5,0.0
4,0.0
110,131.0
255,252.0
116,106.0
432,440.0
33,36.0
4,1.0
2,0.0
20,11.0
45,47.0
22,32.0
4,1.0
8,25.0
27,61.0
10,32.0
177,144.0
15,54.0
34,36.0
376,385.0
6,0.0
20,0.0
8,0.0
23,34.0
179,195.0
25,21.0
215,214.0
9,38.0
68,52.0
12,0.0
27,34.0
12,38.0
4,34.0
30,19.0
49,23.0
11,30.0
4,3.0
20,1.0
48,52.0
8,15.0
23,0.0
23,11.0
6,40.0
43,11.0
4,45.0
261,249.0
45,32.0
227,204.0
28,67.0
15,21.0
2,0.0
120,126.0
39,65.0
6,15.0
2,0.0
150,164.0
29,17.0
6,0.0
107,72.0
8,21.0
17,1.0
25,34.0
2,13.0
4,25.0
16,0.0
257,229.0
21,0.0
11,0.0
175,181.0
108,123.0
286,312.0
2,0.0
2,17.0
14,0.0
2,0.0
12,56.0
20,23.0
108,91.0
24,38.0
4,7.0
12,5.0
32,0.0
151,184.0
61,34.0
19,45.0
23,45.0
42,67.0
2,0.0
348,347.0
2,23.0
17,3.0
105,111.0
17,32.0
197,249.0
7,30.0
18,3.0
66,89.0
45,32.0
9,23.0
19,0.0
4,0.0
90,103.0
22,7.0
16,0.0
4,7.0
12,65.0
11,25.0
11,17.0
23,43.0
2,36.0
218,276.0
5,17.0
11,47.0
25,7.0
5,25.0
13,0.0
160,150.0
20,7.0
111,103.0
20,21.0
16,38.0
6,15.0
5,0.0
4,0.0
9,0.0
2,0.0
12,0.0
18,9.0
8,5.0
20,15.0
24,7.0
4,0.0
2,0.0
445,519.0
33,11.0
17,21.0
8,47.0
7,23.0
204,192.0
20,32.0
116,111.0
262,232.0
323,347.0
27,19.0
5,0.0
4,0.0
39,61.0
17,36.0
2,13.0
9,11.0
10,11.0
132,123.0
128,116.0
2,0.0
9,23.0
238,232.0
6,36.0
8,0.0
129,91.0
222,245.0
12,5.0
8,47.0
5,36.0
21,36.0
123,121.0
10,19.0
128,136.0
228,229.0
27,0.0
7,0.0
8,7.0
7,13.0
4,15.0
113,116.0
2,0.0
61,52.0
17,5.0
2,30.0
8,0.0
8,49.0
4,0.0
14,11.0
134,178.0
16,70.0
41,61.0
6,17.0
6,0.0
139,118.0
10,3.0
6,0.0
7,11.0
33,52.0
2,15.0
70,23.0
253,320.0
9,0.0
224,195.0
4,30.0
108,106.0
148,164.0
441,407.0
6,34.0
67,70.0
104,131.0
253,252.0
3,0.0
57,77.0
9,17.0
10,0.0
14,28.0
70,45.0
371,364.0
27,17.0
24,21.0
13,43.0
10,0.0
5,15.0
42,91.0
14,21.0
2,0.0
33,38.0
12,0.0
10,36.0
6,11.0
20,0.0
2,0.0
48,52.0
11,47.0
32,11.0
5,49.0
8,11.0
14,89.0
88,81.0
26,30.0
7,1.0
3,28.0
22,30.0
292,290.0
33,25.0
2,11.0
310,294.0
4,15.0
17,3.0
16,1.0
27,49.0
177,210.0
36,11.0
129,111.0
14,28.0
54,63.0
13,7.0
15,1.0
63,86.0
2,0.0
4,19.0
3,3.0
69,65.0
27,61.0
2,0.0
452,502.0
12,23.0
6,0.0
20,5.0
319,294.0
10,5.0
4,0.0
9,17.0
237,242.0
2,0.0
219,198.0
6,0.0
314,316.0
32,30.0
6,1.0
9,15.0
45,43.0
27,38.0
8,0.0
283,279.0
12,0.0
165,121.0
352,347.0
138,142.0
44,17.0
20,19.0
2,0.0
2,3.0
11,1.0
133,142.0
12,28.0
26,40.0
15,23.0
294,316.0
61,52.0
16,7.0
3,9.0
57,11.0
18,11.0
205,204.0
4,0.0
2,0.0
202,239.0
18,34.0
15,3.0
8,0.0
24,43.0
14,13.0
8,7.0
402,368.0
15,1.0
14,1.0
126,166.0
75,63.0
14,36.0
20,17.0
14,15.0
13,32.0
71,54.0
2,0.0
16,23.0
4,0.0
18,11.0
37,34.0
5,9.0
11,21.0
18,32.0
16,40.0
17,1.0
20,15.0
20,11.0
2,5.0
5,0.0
67,74.0
35,52.0
11,40.0
27,21.0
5,13.0
2,0.0
16,1.0
7,45.0
78,81.0
6,13.0
9,23.0
17,40.0
78,49.0
81,96.0
20,3.0
37,63.0
14,70.0
10,28.0
292,272.0
17,23.0
16,28.0
40,56.0
8,19.0
10,0.0
45,54.0
24,32.0
41,0.0
15,9.0
11,61.0
4,1.0
4,11.0
2,0.0
8,1.0
4,0.0
7,0.0
12,0.0
38,56.0
13,5.0
11,36.0
6,3.0
8,1.0
13,49.0
186,223.0
12,0.0
2,36.0
234,245.0
27,56.0
6,23.0
4,7.0
10,0.0
88,67.0
11,21.0
118,103.0
36,19.0
28,19.0
80,70.0
6,0.0
4,5.0
4,0.0
21,52.0
23,17.0
10,0.0
4,1.0
457,524.0
17,40.0
259,279.0
24,38.0
3,0.0
358,403.0
8,19.0
4,11.0
13,25.0
5,0.0
43,43.0
20,28.0
26,61.0
20,17.0
2,19.0
4,0.0
8,0.0
499,605.0
18,28.0
7,0.0
10,17.0
34,17.0
20,7.0
27,47.0
13,11.0
3,11.0
114,84.0
29,36.0
2,0.0
2,28.0
7,5.0
60,65.0
189,187.0
16,38.0
13,1.0
70,58.0
336,316.0
2,0.0
238,239.0
36,32.0
8,0.0
2,0.0
13,34.0
50,63.0
9,0.0
10,19.0
135,158.0
5,0.0
110,81.0
6,0.0
20,38.0
20,21.0
126,118.0
9,0.0
365,364.0
5,34.0
31,63.0
400,394.0
259,308.0
146,164.0
4,19.0
180,164.0
59,72.0
283,236.0
35,58.0
4,21.0
39,45.0
135,113.0
10,7.0
16,65.0
12,17.0
96,91.0
4,0.0
6,36.0
29,47.0
10,67.0
9,11.0
2,0.0
15,28.0
10,30.0
30,25.0
122,123.0
19,81.0
20,0.0
6,0.0
3,13.0
2,0.0
6,0.0
5,45.0
20,40.0
16,45.0
7,0.0
98,126.0
4,3.0
58,43.0
16,0.0
110,166.0
370,351.0
19,43.0
14,15.0
21,25.0
192,169.0
19,1.0
8,0.0
4,32.0
356,385.0
9,34.0
163,153.0
2,0.0
3,0.0
354,331.0
8,23.0
7,0.0
52,17.0
275,279.0
7,56.0
7,0.0
13,0.0
31,15.0
32,32.0
16,1.0
121,144.0
21,54.0
290,301.0
136,142.0
7,0.0
26,19.0
8,0.0
59,23.0
123,93.0
4,19.0
6,11.0
27,5.0
10,1.0
16,1.0
9,0.0
8,36.0
25,3.0
10,25.0
117,118.0
417,426.0
16,0.0
12,0.0
3,38.0
2,0.0
164,164.0
68,28.0
100,91.0
2,0.0
316,343.0
6,0.0
12,25.0
23,30.0
9,45.0
119,134.0
8,11.0
38,67.0
5,0.0
13,17.0
10,13.0
8,0.0
140,111.0
3,0.0
12,0.0
16,28.0
13,7.0
60,25.0
14,5.0
4,25.0
5,0.0
45,43.0
2,36.0
14,54.0
3,0.0
49,93.0
4,25.0
306,316.0
142,134.0
20,63.0
5,0.0
106,93.0
8,13.0
21,47.0
15,21.0
10,40.0
3,0.0
21,7.0
22,5.0
7,13.0
20,45.0
24,17.0
351,412.0
141,169.0
4,25.0
297,316.0
6,1.0
450,398.0
14,45.0
9,9.0
2,13.0
132,142.0
10,38.0
2,0.0
37,54.0
3,3.0
350,372.0
299,343.0
2,28.0
12,11.0
41,84.0
116,89.0
24,5.0
106,118.0
14,11.0
7,1.0
4,0.0
2,0.0
422,475.0
10,0.0
83,134.0
2,11.0
164,111.0
2,17.0
16,0.0
2,5.0
4,23.0
16,0.0
4,0.0
2,3.0
41,56.0
24,36.0
4,3.0
6,17.0
6,0.0
212,229.0
9,0.0
66,58.0
9,23.0
5,40.0
422,470.0
27,0.0
9,17.0
44,36.0
110,136.0
24,15.0
174,178.0
6,19.0
20,21.0
6,47.0
438,426.0
60,79.0
3,36.0
2,0.0
387,331.0
111,101.0
28,43.0
4,0.0
89,91.0
8,0.0
5,0.0
282,262.0
9,52.0
77,58.0
9,30.0
9,3.0
7,0.0
7,17.0
12,52.0
104,106.0
126,118.0
37,45.0
12,0.0
3,0.0
9,34.0
13,9.0
11,13.0
3,0.0
177,153.0
4,0.0
4,11.0
13,23.0
15,0.0
162,139.0
4,0.0
36,19.0
36,9.0
254,242.0
348,339.0
3,0.0
19,0.0
39,32.0
320,324.0
228,195.0
85,74.0
57,54.0
10,0.0
16,13.0
12,11.0
3,17.0
402,398.0
8,40.0
8,15.0
20,49.0
13,7.0
301,320.0
219,276.0
199,210.0
283,290.0
4,0.0
27,17.0
17,0.0
67,23.0
6,1.0
2,21.0
7,5.0
10,23.0
123,136.0
18,5.0
8,28.0
147,192.0
4,13.0
9,0.0
2,0.0
66,49.0
10,5.0
48,38.0
5,15.0
8,45.0
11,49.0
116,139.0
26,47.0
5,0.0
3,13.0
6,40.0
4,0.0
2,0.0
7,17.0
96,61.0
466,475.0
12,67.0
5,0.0
16,49.0
43,36.0
164,181.0
13,23.0
2,9.0
64,103.0
24,56.0
22,0.0
5,30.0
376,398.0
438,426.0
18,1.0
20,21.0
5,1.0
213,239.0
363,407.0
41,70.0
7,23.0
20,0.0
207,198.0
5,0.0
20,15.0
20,52.0
2,0.0
13,38.0
2,19.0
53,49.0
7,19.0
10,25.0
198,172.0
77,40.0
19,19.0
29,81.0
316,351.0
205,245.0
14,0.0
5,47.0
20,21.0
7,7.0
7,0.0
51,89.0
9,5.0
92,123.0
107,123.0
114,108.0
300,343.0
10,23.0
6,3.0
4,3.0
44,28.0
5,0.0
6,36.0
7,0.0
2,21.0
14,9.0
66,47.0
4,0.0
4,30.0
116,79.0
3,52.0
145,142.0
227,204.0
11,38.0
12,40.0
174,153.0
4,0.0
128,129.0
28,54.0
22,7.0
77,67.0
2,5.0
20,5.0
127,116.0
12,21.0
286,312.0
157,189.0
11,0.0
10,0.0
121,96.0
9,3.0
5,1.0
5,32.0
15,1.0
116,134.0
7,3.0
463,412.0
407,430.0
7,45.0
33,70.0
3,34.0
14,3.0
4,36.0
28,13.0
2,0.0
11,40.0
9,45.0
2,13.0
2,0.0
8,9.0
88,54.0
10,47.0
132,118.0
139,116.0
9,0.0
16,30.0
28,25.0
20,52.0
29,34.0
4,19.0
16,0.0
10,3.0
145,103.0
13,5.0
5,0.0
20,0.0
94,89.0
370,347.0
24,7.0
194,166.0
298,347.0
50,74.0
21,30.0
8,17.0
39,13.0
16,49.0
14,21.0
22,38.0
2,0.0
6,30.0
310,331.0
6,19.0
2,0.0
343,343.0
104,113.0
2,11.0
6,13.0
42,40.0
2,11.0
18,30.0
23,3.0
2,19.0
10,7.0
11,0.0
5,0.0
7,40.0
7,47.0
93,81.0
265,290.0
28,11.0
18,28.0
6,7.0
7,0.0
266,242.0
8,11.0
2,43.0
43,65.0
22,0.0
124,131.0
4,5.0
4,0.0
27,13.0
13,15.0
4,13.0
250,189.0
7,0.0
6,0.0
2,0.0
217,259.0
2,0.0
20,32.0
78,63.0
494,455.0
136,116.0
12,30.0
44,67.0
48,79.0
20,0.0
14,15.0
32,11.0
39,54.0
269,287.0
3,0.0
203,155.0
11,36.0
16,25.0
2,0.0
211,226.0
318,312.0
9,30.0
3,0.0
2,0.0
4,0.0
3,15.0
4,0.0
9,1.0
20,5.0
6,9.0
278,276.0
6,45.0
149,178.0
25,47.0
10,32.0
147,164.0
8,3.0
47,34.0
16,0.0
27,36.0
20,13.0
15,0.0
10,17.0
4,21.0
2,25.0
129,101.0
5,0.0
7,32.0
9,3.0
8,3.0
4,0.0
4,28.0
72,98.0
7,30.0
5,13.0
80,91.0
25,47.0
93,45.0
6,9.0
4,36.0
238,229.0
5,0.0
17,21.0
2,5.0
11,93.0
5,9.0
35,58.0
5,0.0
70,84.0
2,0.0
4,43.0
11,7.0
44,84.0
497,513.0
2,0.0
9,17.0
2,11.0
2,0.0
159,158.0
2,25.0
408,381.0
248,269.0
4,0.0
87,77.0
14,0.0
16,38.0
7,0.0
8,0.0
2,11.0
9,13.0
418,480.0
12,0.0
5,21.0
180,223.0
15,36.0
4,0.0
20,58.0
9,0.0
2,21.0
24,72.0
5,3.0
5,0.0
20,30.0
3,1.0
13,43.0
11,0.0
43,84.0
10,0.0
122,178.0
2,7.0
2,0.0
43,58.0
7,0.0
12,0.0
3,0.0
116,96.0
6,0.0
19,19.0
6,15.0
8,0.0
5,0.0
4,0.0
15,11.0
26,21.0
21,40.0
9,32.0
10,9.0
10,38.0
27,36.0
12,0.0
118,111.0
4,7.0
2,3.0
10,1.0
9,0.0
24,30.0
2,23.0
20,5.0
170,198.0
2,0.0
26,63.0
7,38.0
128,106.0
179,172.0
2,21.0
119,139.0
20,61.0
20,19.0
10,0.0
15,45.0
20,32.0
13,0.0
172,184.0
2,1.0
8,28.0
4,0.0
11,21.0
5,3.0
369,426.0
12,0.0
14,43.0
20,30.0
8,7.0
4,19.0
372,343.0
4,40.0
18,0.0
45,79.0
2,1.0
6,1.0
28,0.0
4,17.0
4,0.0
11,43.0
5,0.0
17,7.0
11,0.0
16,9.0
12,25.0
7,28.0
4,0.0
204,214.0
22,36.0
8,7.0
6,43.0
5,0.0
50,30.0
10,0.0
3,34.0
8,34.0
8,21.0
8,32.0
16,74.0
11,65.0
110,40.0
18,21.0
12,11.0
66,89.0
104,108.0
16,1.0
131,161.0
4,0.0
94,121.0
2,0.0
5,70.0
261,252.0
10,23.0
14,19.0
224,195.0
3,0.0
5,3.0
7,52.0
13,5.0
4,0.0
4,0.0
48,43.0
9,5.0
14,23.0
16,13.0
8,0.0
183,126.0
4,0.0
4,11.0
26,17.0
163,172.0
27,17.0
3,7.0
33,36.0
7,11.0
20,0.0
3,54.0
5,17.0
5,43.0
5,0.0
9,0.0
2,0.0
10,0.0
168,172.0
441,445.0
6,28.0
251,255.0
292,308.0
5,0.0
6,9.0
2,0.0
20,1.0
5,0.0
291,308.0
167,118.0
20,52.0
475,530.0
7,19.0
13,0.0
8,25.0
3,21.0
123,153.0
12,0.0
4,0.0
10,21.0
13,30.0
134,116.0
4,0.0
3,13.0
17,40.0
4,0.0
38,81.0
17,23.0
2,0.0
140,169.0
2,0.0
18,25.0
4,0.0
6,7.0
2,3.0
4,9.0
10,30.0
450,491.0
21,34.0
4,0.0
15,0.0
5,25.0
11,5.0
189,181.0
4,0.0
9,30.0
215,195.0
20,7.0
2,3.0
54,81.0
72,74.0
84,65.0
6,21.0
270,279.0
24,23.0
6,30.0
20,0.0
7,0.0
10,0.0
62,32.0
2,0.0
6,9.0
171,150.0
2,0.0
309,364.0
20,70.0
9,23.0
4,1.0
108,111.0
2,0.0
4,5.0
12,5.0
20,32.0
4,0.0
4,9.0
4,17.0
4,1.0
8,0.0
2,21.0
4,0.0
196,220.0
12,15.0
9,25.0
16,38.0
35,21.0
4,0.0
9,40.0
20,54.0
9,0.0
3,34.0
4,13.0
10,0.0
8,0.0
144,155.0
5,3.0
19,3.0
124,101.0
9,11.0
20,45.0
10,9.0
4,9.0
2,7.0
356,320.0
5,0.0
8,0.0
39,34.0
6,28.0
11,15.0
117,144.0
90,47.0
13,63.0
19,25.0
2,0.0
16,0.0
18,1.0
2,0.0
22,52.0
100,86.0
9,43.0
99,106.0
359,389.0
4,23.0
20,3.0
8,0.0
12,40.0
3,9.0
6,15.0
15,1.0
13,34.0
56,86.0
2,0.0
57,32.0
7,0.0
2,7.0
3,11.0
352,359.0
2,0.0
48,38.0
2,36.0
2,0.0
34,43.0
97,118.0
2,9.0
35,15.0
6,15.0
4,15.0
4,43.0
6,19.0
125,147.0
110,123.0
10,0.0
53,21.0
2,0.0
12,0.0
326,368.0
171,204.0
206,204.0
8,58.0
2,40.0
219,204.0
7,5.0
10,0.0
329,351.0
20,0.0
2,25.0
5,45.0
18,34.0
223,198.0
6,0.0
4,40.0
4,30.0
4,0.0
4,19.0
13,36.0
5,19.0
123,113.0
12,40.0
189,161.0
9,0.0
6,13.0
8,0.0
20,54.0
2,65.0
4,0.0
6,45.0
214,204.0
7,5.0
170,181.0
8,11.0
6,11.0
8,0.0
140,139.0
10,13.0
2,15.0
126,91.0
10,15.0
11,32.0
194,153.0
2,0.0
140,136.0
385,376.0
10,19.0
8,1.0
9,28.0
142,166.0
246,204.0
10,0.0
20,49.0
10,23.0
338,297.0
241,232.0
172,189.0
14,30.0
12,0.0
20,38.0
282,308.0
7,28.0
7,0.0
215,172.0
104,103.0
8,0.0
8,3.0
266,266.0
3,9.0
2,0.0
2,25.0
110,86.0
12,23.0
30,36.0
6,0.0
110,106.0
3,0.0
2,19.0
8,0.0
9,0.0
2,15.0
4,5.0
4,13.0
2,9.0
363,368.0
20,21.0
260,297.0
438,421.0
20,7.0
2,21.0
334,331.0
82,96.0
23,9.0
181,164.0
6,32.0
20,5.0
4,1.0
2,19.0
216,195.0
2,0.0
126,126.0
9,11.0
5,19.0
21,25.0
26,47.0
10,17.0
2,0.0
86,144.0
30,56.0
20,47.0
18,30.0
460,450.0
9,0.0
2,0.0
4,34.0
108,79.0
2,7.0
8,15.0
42,3.0
7,34.0
10,0.0
27,25.0
32,77.0
4,32.0
56,67.0
80,93.0
10,5.0
12,0.0
27,0.0
8,17.0
49,23.0
9,0.0
6,36.0
9,30.0
122,131.0
7,0.0
280,276.0
6,0.0
17,3.0
2,1.0
263,229.0
16,17.0
293,294.0
80,38.0
148,139.0
4,0.0
6,0.0
14,1.0
17,11.0
6,0.0
14,49.0
16,1.0
10,0.0
7,0.0
104,147.0
4,28.0
9,63.0
7,43.0
12,1.0
4,23.0
32,52.0
5,0.0
63,36.0
4,15.0
14,43.0
320,294.0
15,0.0
4,15.0
16,30.0
2,15.0
468,585.0
4,0.0
2,0.0
136,113.0
41,25.0
41,70.0
14,0.0
490,560.0
124,131.0
7,9.0
43,54.0
8,0.0
50,34.0
14,21.0
17,0.0
55,43.0
212,123.0
9,52.0
5,0.0
2,0.0
10,21.0
20,58.0
139,166.0
12,0.0
15,9.0
4,0.0
58,91.0
20,25.0
6,23.0
2,0.0
4,0.0
12,17.0
11,21.0
160,118.0
3,7.0
12,23.0
12,3.0
27,0.0
124,144.0
2,43.0
3,13.0
2,30.0
2,0.0
109,150.0
2,5.0
4,9.0
12,21.0
6,32.0
4,0.0
2,21.0
196,226.0
16,38.0
2,0.0
17,49.0
9,28.0
3,0.0
21,45.0
3,0.0
146,134.0
2,0.0
302,279.0
17,0.0
367,364.0
14,7.0
2,0.0
7,17.0
6,3.0
384,389.0
8,9.0
6,0.0
92,96.0
6,0.0
37,77.0
33,28.0
2,25.0
200,242.0
4,15.0
204,178.0
2,21.0
15,15.0
8,21.0
20,0.0
4,0.0
23,11.0
316,312.0
15,5.0
6,3.0
8,38.0
62,36.0
4,0.0
105,108.0
24,38.0
4,7.0
10,5.0
6,0.0
16,96.0
20,34.0
9,0.0
6,0.0
179,166.0
4,0.0
4,40.0
3,1.0
116,123.0
9,25.0
339,359.0
40,23.0
2,0.0
214,169.0
24,19.0
7,36.0
72,131.0
224,252.0
149,214.0
112,103.0
12,21.0
2,9.0
94,123.0
38,61.0
18,9.0
8,21.0
6,19.0
2,0.0
5,0.0
469,445.0
4,56.0
2,40.0
8,61.0
7,17.0
366,421.0
20,13.0
47,36.0
297,259.0
4,17.0
130,131.0
6,3.0
3,0.0
18,0.0
21,13.0
84,103.0
2,0.0
12,0.0
18,70.0
8,13.0
20,11.0
229,252.0
376,470.0
495,455.0
117,134.0
137,150.0
6,0.0
4,0.0
348,331.0
42,45.0
73,67.0
24,79.0
93,93.0
166,164.0
16,32.0
8,3.0
4,23.0
3,19.0
58,54.0
12,52.0
7,19.0
8,0.0
4,15.0
416,421.0
10,54.0
275,297.0
493,513.0
7,0.0
28,56.0
4,15.0
25,36.0
402,465.0
6,30.0
7,17.0
4,1.0
15,9.0
424,385.0
240,172.0
2,1.0
66,61.0
484,486.0
238,223.0
6,0.0
16,17.0
6,11.0
123,139.0
4,7.0
24,52.0
7,17.0
2,0.0
102,139.0
4,0.0
140,93.0
2,15.0
2,0.0
24,5.0
105,98.0
2,23.0
6,0.0
7,36.0
9,0.0
12,11.0
2,0.0
8,0.0
216,207.0
42,45.0
42,65.0
4,28.0
49,79.0
2,34.0
401,394.0
2,67.0
95,126.0
8,21.0
10,38.0
6,0.0
20,67.0
8,0.0
50,70.0
18,25.0
11,0.0
4,0.0
4,7.0
2,0.0
12,0.0
4,11.0
34,96.0
6,9.0
2,7.0
4,11.0
2,0.0
82,52.0
210,189.0
6,0.0
10,0.0
2,25.0
13,23.0
56,25.0
2,0.0
394,435.0
351,339.0
74,72.0
136,144.0
10,5.0
2,11.0
2,28.0
46,79.0
6,38.0
6,0.0
74,106.0
4,30.0
2,5.0
9,25.0
32,65.0
44,81.0
3,11.0
6,11.0
28,0.0
2,54.0
6,0.0
4,13.0
4,7.0
177,153.0
4,0.0
8,11.0
124,166.0
69,79.0
15,56.0
2,5.0
4,0.0
8,36.0
5,19.0
10,5.0
2,0.0
35,17.0
23,52.0
8,0.0
6,0.0
7,3.0
228,232.0
3,5.0
10,0.0
155,131.0
4,17.0
9,17.0
6,0.0
15,40.0
8,28.0
44,30.0
11,11.0
9,0.0
130,158.0
148,144.0
7,0.0
2,0.0
20,0.0
4,0.0
3,7.0
218,189.0
46,49.0
107,89.0
8,0.0
6,23.0
186,220.0
21,9.0
2,15.0
2,38.0
3,11.0
154,155.0
193,210.0
2,0.0
5,9.0
340,347.0
344,403.0
2,19.0
16,0.0
88,79.0
176,184.0
2,1.0
126,101.0
55,52.0
8,15.0
286,301.0
204,249.0
22,38.0
101,93.0
5,15.0
7,15.0
10,0.0
216,255.0
7,5.0
15,0.0
20,45.0
400,359.0
15,21.0
128,161.0
10,0.0
189,164.0
23,5.0
2,0.0
6,1.0
2,0.0
8,0.0
3,17.0
100,150.0
389,381.0
2,0.0
5,23.0
364,316.0
4,13.0
18,72.0
20,0.0
14,34.0
5,25.0
2,0.0
20,13.0
42,5.0
2,0.0
103,116.0
20,36.0
262,242.0
8,13.0
2,0.0
4,0.0
7,0.0
9,5.0
10,0.0
7,32.0
7,23.0
4,25.0
8,0.0
5,1.0
4,34.0
2,0.0
8,0.0
48,89.0
3,0.0
24,32.0
20,45.0
2,17.0
6,0.0
4,19.0
8,7.0
107,108.0
10,7.0
52,70.0
2,13.0
10,0.0
271,312.0
125,142.0
13,0.0
28,40.0
73,36.0
14,11.0
20,19.0
12,0.0
15,0.0
8,7.0
170,195.0
6,23.0
9,40.0
9,38.0
127,150.0
106,116.0
6,0.0
116,121.0
190,172.0
4,17.0
8,0.0
374,407.0
2,0.0
2,0.0
4,11.0
18,5.0
15,56.0
5,13.0
10,0.0
9,0.0
36,34.0
14,21.0
54,72.0
2,19.0
2,0.0
19,17.0
9,11.0
2,0.0
55,63.0
5,23.0
20,19.0
10,36.0
132,136.0
7,1.0
468,530.0
180,232.0
4,1.0
32,0.0
4,9.0
20,0.0
24,11.0
2,0.0
5,7.0
66,86.0
2,0.0
10,28.0
215,245.0
2,30.0
4,19.0
20,47.0
12,7.0
25,9.0
2,0.0
42,45.0
5,11.0
12,36.0
50,74.0
3,28.0
2,0.0
27,56.0
3,21.0
2,5.0
2,0.0
36,65.0
2,11.0
4,49.0
5,0.0
4,15.0
8,0.0
12,0.0
9,40.0
6,0.0
146,161.0
484,536.0
6,15.0
2,0.0
292,259.0
4,11.0
2,0.0
3,9.0
3,0.0
11,9.0
54,74.0
60,43.0
20,13.0
2,13.0
11,17.0
12,56.0
34,28.0
153,134.0
60,116.0
12,40.0
4,15.0
20,36.0
4,21.0
102,139.0
4,21.0
237,214.0
4,0.0
9,21.0
140,129.0
36,21.0
2,5.0
10,9.0
20,15.0
20,7.0
184,175.0
2,0.0
106,131.0
47,49.0
2,0.0
3,0.0
124,136.0
2,3.0
6,5.0
136,158.0
484,486.0
90,111.0
8,1.0
8,13.0
4,1.0
4,0.0
153,129.0
284,272.0
277,236.0
112,72.0
10,0.0
46,7.0
11,0.0
36,56.0
7,19.0
106,153.0
2,38.0
355,324.0
9,58.0
420,412.0
9,0.0
176,214.0
48,70.0
10,0.0
7,5.0
25,32.0
22,49.0
128,178.0
12,0.0
197,201.0
4,0.0
3,0.0
4,0.0
4,0.0
7,0.0
8,7.0
36,23.0
9,32.0
3,23.0
6,0.0
20,19.0
2,28.0
6,0.0
2,25.0
8,0.0
121,116.0
2,19.0
13,0.0
8,25.0
9,19.0
13,0.0
5,0.0
389,398.0
27,0.0
4,0.0
6,13.0
20,72.0
491,491.0
2,0.0
4,7.0
2,3.0
8,0.0
183,204.0
13,11.0
14,47.0
2,15.0
4,52.0
176,164.0
16,25.0
218,229.0
4,0.0
3,54.0
112,81.0
8,52.0
6,1.0
116,108.0
138,84.0
5,28.0
5,0.0
16,36.0
4,3.0
20,56.0
2,9.0
20,0.0
20,52.0
31,47.0
10,0.0
21,45.0
6,0.0
104,96.0
3,0.0
2,23.0
4,3.0
2,0.0
8,0.0
12,34.0
4,1.0
499,450.0
20,13.0
106,129.0
257,245.0
2,0.0
51,61.0
21,5.0
4,7.0
5,11.0
21,21.0
2,0.0
148,153.0
5,0.0
61,118.0
8,0.0
56,70.0
2,0.0
358,372.0
3,15.0
12,40.0
8,5.0
16,0.0
105,91.0
2,9.0
132,184.0
9,47.0
5,3.0
8,9.0
10,23.0
2,0.0
6,3.0
13,0.0
8,52.0
2,0.0
4,34.0
2,30.0
6,5.0
264,249.0
64,40.0
5,0.0
20,7.0
12,0.0
6,0.0
2,0.0
4,7.0
134,153.0
8,15.0
21,32.0
3,23.0
17,54.0
20,7.0
20,52.0
9,32.0
5,23.0
377,394.0
2,0.0
3,0.0
10,40.0
80,84.0
121,134.0
24,30.0
4,11.0
247,223.0
6,11.0
2,0.0
396,351.0
8,0.0
328,316.0
45,32.0
10,0.0
4,9.0
2,0.0
41,0.0
328,376.0
323,372.0
12,7.0
30,77.0
151,134.0
6,30.0
69,91.0
232,252.0
20,0.0
2,23.0
4,5.0
22,25.0
306,343.0
2,0.0
4,0.0
18,9.0
183,166.0
20,0.0
95,113.0
20,9.0
113,89.0
20,65.0
8,0.0
2,0.0
453,455.0
6,25.0
67,84.0
20,49.0
5,54.0
3,0.0
3,0.0
8,0.0
2,36.0
7,40.0
230,210.0
14,7.0
155,175.0
20,7.0
26,0.0
42,84.0
42,34.0
2,0.0
200,232.0
4,38.0
3,0.0
4,30.0
9,49.0
225,301.0
7,3.0
224,207.0
2,0.0
3,21.0
198,189.0
2,0.0
140,121.0
10,47.0
20,49.0
275,308.0
6,3.0
148,111.0
2,19.0
8,0.0
2,9.0
2,13.0
10,34.0
30,23.0
166,153.0
132,139.0
150,118.0
4,52.0
3,0.0
7,0.0
346,316.0
109,101.0
341,368.0
211,178.0
207,210.0
4,47.0
3,38.0
5,0.0
493,440.0
4,0.0
212,262.0
20,98.0
9,34.0
8,23.0
20,0.0
12,25.0
27,9.0
32,43.0
2,47.0
4,3.0
5,17.0
20,32.0
100,101.0
156,103.0
16,0.0
5,11.0
4,0.0
16,0.0
28,36.0
20,3.0
3,5.0
130,129.0
70,81.0
7,5.0
5,17.0
3,15.0
4,0.0
148,144.0
6,0.0
96,89.0
8,0.0
18,34.0
10,17.0
10,23.0
20,15.0
3,7.0
4,13.0
2,5.0
3,0.0
17,11.0
2,0.0
6,0.0
4,0.0
4,0.0
4,0.0
12,34.0
7,1.0
280,259.0
9,3.0
32,19.0
184,214.0
5,32.0
6,21.0
110,81.0
11,36.0
6,3.0
4,15.0
15,34.0
2,0.0
3,17.0
13,11.0
5,0.0
7,52.0
352,394.0
36,63.0
113,158.0
2,0.0
11,0.0
2,38.0
16,32.0
284,259.0
8,43.0
11,0.0
4,1.0
4,1.0
52,65.0
18,7.0
198,269.0
102,86.0
3,13.0
41,63.0
60,74.0
20,11.0
13,34.0
7,9.0
5,77.0
2,0.0
368,351.0
10,25.0
120,121.0
10,3.0
4,28.0
2,0.0
161,164.0
3,19.0
4,25.0
128,158.0
4,23.0
6,17.0
6,13.0
8,0.0
416,372.0
223,217.0
9,30.0
8,9.0
3,0.0
86,93.0
2,3.0
8,25.0
18,43.0
253,223.0
10,56.0
9,17.0
10,0.0
14,47.0
50,56.0
10,19.0
7,0.0
7,34.0
13,21.0
20,74.0
46,34.0
12,34.0
18,11.0
5,0.0
20,56.0
120,86.0
54,81.0
26,1.0
20,36.0
24,15.0
6,21.0
20,1.0
7,0.0
20,23.0
12,9.0
2,40.0
10,0.0
238,301.0
14,30.0
139,136.0
7,0.0
8,28.0
4,0.0
80,70.0
2,45.0
130,113.0
5,7.0
2,0.0
67,52.0
23,11.0
8,0.0
4,0.0
4,38.0
4,5.0
294,343.0
10,0.0
15,45.0
114,111.0
2,0.0
145,123.0
484,507.0
96,77.0
2,13.0
240,169.0
113,103.0
12,25.0
7,11.0
20,11.0
2,38.0
4,0.0
16,0.0
334,327.0
4,7.0
10,54.0
242,242.0
11,11.0
10,38.0
6,0.0
16,7.0
5,11.0
3,0.0
8,25.0
2,1.0
2,0.0
4,0.0
216,297.0
4,0.0
6,23.0
4,0.0
4,23.0
28,5.0
7,0.0
108,106.0
6,0.0
13,0.0
332,327.0
20,25.0
6,54.0
8,47.0
18,0.0
8,0.0
2,0.0
3,36.0
2,0.0
5,23.0
168,166.0
4,0.0
4,15.0
4,5.0
9,1.0
7,36.0
211,210.0
7,0.0
58,36.0
5,0.0
54,54.0
20,28.0
6,30.0
56,56.0
17,34.0
2,0.0
6,9.0
26,3.0
207,229.0
16,36.0
4,28.0
2,0.0
2,9.0
12,30.0
2,0.0
2,0.0
14,52.0
12,0.0
4,0.0
5,0.0
20,58.0
12,0.0
275,279.0
2,0.0
5,0.0
4,7.0
187,226.0
4,0.0
2,9.0
6,11.0
4,5.0
2,1.0
4,17.0
2,5.0
7,5.0
145,164.0
14,0.0
2,0.0
8,1.0
2,28.0
300,324.0
2,0.0
4,0.0
9,7.0
126,106.0
266,272.0
16,43.0
4,3.0
4,15.0
135,136.0
20,23.0
490,513.0
8,0.0
3,0.0
119,72.0
14,45.0
12,30.0
6,11.0
2,9.0
12,49.0
102,129.0
5,25.0
4,0.0
2,38.0
68,54.0
6,3.0
20,11.0
2,0.0
105,113.0
16,11.0
5,13.0
4,5.0
9,0.0
192,214.0
4,11.0
2,0.0
113,142.0
12,0.0
72,91.0
472,480.0
132,103.0
2,13.0
8,0.0
12,0.0
8,0.0
4,25.0
16,7.0
8,3.0
3,0.0
6,0.0
7,0.0
8,5.0
8,11.0
39,49.0
2,67.0
92,129.0
3,0.0
9,7.0
368,381.0
2,0.0
2,3.0
2,28.0
114,111.0
12,49.0
234,279.0
20,0.0
20,0.0
8,15.0
114,93.0
4,0.0
3,0.0
4,0.0
7,0.0
2,3.0
2,3.0
4,0.0
4,0.0
15,5.0
2,9.0
106,101.0
2,0.0
5,36.0
191,178.0
5,47.0
239,239.0
276,283.0
2,9.0
9,49.0
295,339.0
12,32.0
92,116.0
6,32.0
3,0.0
2,56.0
4,0.0
462,507.0
17,19.0
2,0.0
2,13.0
130,139.0
8,9.0
9,5.0
13,13.0
408,412.0
14,0.0
52,67.0
9,34.0
74,81.0
23,47.0
8,0.0
166,139.0
2,3.0
82,98.0
327,327.0
10,30.0
4,0.0
6,40.0
20,28.0
13,25.0
2,17.0
9,23.0
132,126.0
20,13.0
110,56.0
2,5.0
11,1.0
6,19.0
4,9.0
4,15.0
33,13.0
14,36.0
37,40.0
2,0.0
3,9.0
462,455.0
5,40.0
102,116.0
2,0.0
8,0.0
3,3.0
2,0.0
34,30.0
8,9.0
12,28.0
10,0.0
136,118.0
254,249.0
19,34.0
12,30.0
15,11.0
8,0.0
116,121.0
2,0.0
124,134.0
5,15.0
8,7.0
217,232.0
3,0.0
102,47.0
20,43.0
2,0.0
222,214.0
4,19.0
344,308.0
3,0.0
28,49.0
4,0.0
180,189.0
246,259.0
6,0.0
6,34.0
20,47.0
2,23.0
12,0.0
236,229.0
5,28.0
32,63.0
6,23.0
2,7.0
2,9.0
6,11.0
5,0.0
10,36.0
2,49.0
8,0.0
30,63.0
31,7.0
63,74.0
4,5.0
2,11.0
2,17.0
4,19.0
8,40.0
141,139.0
2,0.0
183,144.0
2,15.0
188,172.0
66,52.0
230,204.0
98,93.0
2,5.0
9,0.0
174,189.0
156,164.0
5,5.0
192,214.0
3,0.0
6,0.0
4,0.0
15,0.0
2,21.0
149,195.0
3,0.0
3,0.0
17,21.0
6,36.0
184,217.0
4,5.0
91,98.0
5,0.0
2,0.0
2,5.0
2,5.0
252,220.0
5,19.0
17,15.0
4,0.0
5,0.0
2,0.0
20,9.0
4,23.0
122,144.0
4,7.0
2,0.0
288,368.0
2,0.0
62,23.0
18,25.0
20,13.0
65,25.0
2,11.0
2,11.0
2,0.0
14,3.0
15,0.0
2,40.0
3,28.0
4,19.0
4,0.0
128,147.0
16,32.0
89,123.0
20,13.0
54,19.0
8,0.0
4,0.0
2,0.0
10,0.0
92,65.0
6,23.0
3,0.0
2,0.0
4,0.0
5,9.0
8,0.0
2,5.0
20,0.0
20,15.0
9,1.0
260,276.0
224,232.0
4,5.0
5,21.0
2,0.0
2,0.0
6,0.0
330,305.0
10,1.0
2,13.0
316,320.0
16,19.0
210,266.0
10,0.0
2,0.0
14,79.0
4,0.0
5,0.0
6,23.0
120,142.0
2,15.0
472,486.0
10,7.0
5,0.0
2,19.0
6,52.0
163,169.0
2,0.0
28,36.0
9,7.0
168,175.0
13,43.0
2,5.0
2,0.0
2,9.0
32,11.0
214,220.0
16,0.0
4,17.0
373,351.0
22,32.0
6,0.0
4,9.0
6,0.0
9,30.0
20,19.0
20,21.0
2,43.0
4,38.0
25,38.0
432,445.0
9,0.0
8,0.0
9,0.0
6,7.0
9,19.0
76,93.0
2,25.0
2,19.0
335,368.0
74,86.0
14,25.0
10,5.0
10,40.0
3,17.0
8,0.0
39,23.0
6,36.0
118,93.0
3,0.0
140,178.0
174,201.0
3,0.0
4,0.0
4,19.0
158,150.0
6,0.0
20,34.0
4,0.0
64,93.0
20,17.0
106,103.0
7,0.0
18,61.0
176,123.0
8,1.0
8,32.0
4,0.0
2,3.0
158,204.0
20,0.0
2,28.0
328,351.0
2,13.0
2,0.0
124,129.0
5,17.0
20,0.0
18,40.0
2,0.0
10,38.0
64,54.0
2,17.0
2,0.0
3,40.0
9,0.0
24,49.0
2,0.0
38,49.0
134,108.0
4,0.0
4,19.0
429,480.0
204,201.0
6,0.0
6,81.0
8,38.0
6,32.0
12,0.0
484,524.0
3,0.0
4,0.0
2,17.0
4,0.0
9,7.0
74,79.0
6,0.0
2,0.0
370,351.0
10,7.0
2,0.0
100,139.0
6,9.0
4,21.0
261,324.0
7,45.0
2,0.0
7,0.0
8,23.0
182,198.0
7,1.0
106,118.0
133,134.0
20,17.0
6,15.0
6,9.0
32,9.0
2,21.0
226,220.0
19,3.0
434,403.0
2,0.0
14,32.0
128,164.0
6,0.0
8,63.0
10,21.0
245,249.0
10,32.0
110,103.0
166,189.0
20,9.0
372,335.0
4,0.0
180,158.0
5,63.0
20,38.0
4,61.0
12,45.0
3,19.0
8,23.0
2,0.0
2,15.0
322,287.0
2,40.0
2,0.0
4,0.0
11,0.0
8,0.0
11,30.0
8,0.0
7,1.0
20,30.0
6,3.0
4,25.0
14,23.0
280,312.0
38,17.0
8,11.0
154,139.0
2,0.0
28,38.0
9,7.0
6,34.0
4,21.0
4,0.0
8,1.0
6,1.0
2,0.0
7,11.0
12,0.0
24,28.0
8,0.0
8,36.0
2,0.0
40,11.0
136,111.0
2,1.0
16,13.0
52,15.0
12,28.0
3,36.0
156,147.0
7,25.0
68,84.0
3,13.0
4,0.0
4,0.0
8,0.0
26,25.0
2,21.0
42,98.0
2,0.0
2,5.0
6,0.0
2,65.0
12,21.0
2,21.0
3,0.0
20,32.0
6,17.0
4,0.0
90,89.0
5,0.0
129,161.0
20,21.0
6,0.0
6,3.0
12,19.0
7,56.0
64,47.0
12,34.0
10,25.0
2,3.0
6,28.0
128,147.0
2,0.0
218,184.0
344,381.0
79,77.0
108,101.0
52,91.0
9,0.0
2,36.0
20,54.0
9,40.0
23,0.0
172,147.0
2,11.0
2,11.0
4,45.0
2,19.0
12,34.0
2,0.0
2,0.0
5,15.0
2,0.0
347,320.0
8,30.0
20,9.0
2,0.0
6,5.0
2,0.0
153,158.0
187,172.0
2,25.0
4,0.0
4,13.0
7,34.0
4,0.0
6,11.0
4,30.0
16,45.0
4,28.0
20,45.0
42,43.0
8,0.0
96,116.0
4,0.0
20,19.0
8,7.0
4,23.0
3,0.0
7,0.0
10,9.0
3,0.0
30,5.0
5,0.0
6,11.0
4,45.0
2,0.0
32,43.0
16,67.0
2,25.0
20,25.0
2,30.0
2,9.0
16,13.0
7,9.0
2,23.0
330,327.0
114,98.0
3,52.0
74,72.0
55,9.0
7,3.0
2,7.0
10,1.0
4,0.0
9,9.0
13,0.0
7,19.0
369,403.0
5,36.0
3,0.0
2,19.0
170,184.0
2,0.0
6,0.0
2,0.0
2,0.0
2,0.0
116,121.0
55,81.0
113,86.0
4,40.0
55,38.0
6,17.0
2,0.0
16,34.0
6,0.0
4,0.0
93,121.0
34,43.0
154,147.0
2,0.0
49,49.0
5,21.0
6,0.0
6,0.0
4,11.0
2,0.0
384,398.0
8,1.0
174,134.0
4,11.0
10,0.0
12,25.0
20,32.0
322,283.0
4,9.0
5,3.0
8,0.0
8,23.0
78,89.0
2,0.0
82,116.0
22,45.0
11,9.0
130,121.0
2,0.0
22,9.0
12,7.0
8,0.0
15,0.0
4,0.0
196,166.0
7,56.0
20,0.0
20,9.0
4,0.0
4,0.0
8,36.0
8,0.0
8,15.0
42,56.0
6,0.0
107,144.0
2,0.0
6,0.0
160,139.0
4,19.0
13,52.0
20,17.0
22,32.0
9,30.0
6,52.0
5,19.0
4,11.0
28,21.0
2,3.0
21,1.0
4,3.0
2,0.0
322,331.0
2,0.0
5,0.0
20,7.0
2,3.0
47,36.0
20,0.0
2,1.0
2,9.0
258,259.0
4,23.0
118,98.0
2,0.0
3,0.0
7,0.0
20,0.0
2,1.0
16,21.0
4,13.0
6,0.0
2,47.0
3,70.0
114,121.0
222,220.0
220,226.0
116,86.0
10,45.0
4,21.0
2,0.0
6,0.0
288,262.0
2,0.0
135,91.0
48,52.0
336,301.0
2,0.0
173,158.0
10,19.0
2,7.0
4,0.0
20,47.0
52,58.0
20,40.0
2,0.0
492,554.0
4,49.0
46,58.0
104,118.0
6,28.0
4,0.0
14,0.0
24,63.0
2,0.0
128,111.0
2,28.0
8,13.0
16,0.0
5,36.0
45,72.0
9,25.0
128,98.0
20,3.0
12,72.0
2,17.0
12,32.0
10,23.0
4,0.0
4,19.0
14,21.0
2,19.0
2,45.0
48,54.0
12,0.0
7,9.0
23,45.0
6,45.0
7,25.0
2,40.0
10,23.0
6,0.0
340,364.0
312,269.0
7,15.0
336,351.0
3,0.0
3,17.0
3,13.0
2,0.0
6,19.0
5,0.0
3,23.0
2,11.0
2,25.0
10,0.0
138,118.0
3,5.0
12,23.0
46,40.0
2,17.0
226,236.0
262,287.0
6,7.0
6,9.0
138,96.0
2,32.0
8,0.0
6,1.0
16,25.0
49,56.0
201,223.0
2,3.0
2,0.0
2,0.0
8,25.0
7,9.0
34,77.0
10,21.0
4,0.0
4,0.0
6,70.0
4,0.0
5,0.0
20,0.0
24,32.0
4,3.0
4,1.0
2,21.0
20,0.0
10,0.0
2,5.0
8,9.0
20,38.0
4,0.0
5,38.0
4,11.0
6,0.0
6,0.0
54,19.0
9,23.0
7,45.0
232,245.0
32,25.0
4,0.0
26,38.0
6,32.0
24,0.0
2,1.0
5,15.0
5,0.0
3,17.0
10,7.0
4,21.0
5,0.0
4,0.0
5,5.0
20,0.0
10,32.0
28,1.0
4,32.0
5,0.0
112,116.0
3,1.0
4,3.0
224,204.0
2,19.0
2,36.0
188,172.0
4,0.0
4,47.0
60,30.0
250,242.0
20,0.0
22,15.0
6,0.0
2,11.0
68,67.0
220,269.0
16,30.0
10,0.0
172,139.0
3,15.0
4,0.0
434,407.0
10,11.0
8,38.0
8,0.0
2,0.0
36,11.0
3,0.0
4,0.0
28,32.0
6,21.0
6,0.0
6,0.0
28,0.0
94,84.0
16,3.0
6,30.0
2,0.0
6,28.0
356,389.0
20,0.0
2,7.0
2,49.0
168,155.0
6,0.0
2,15.0
2,0.0
4,28.0
2,1.0
2,30.0
3,11.0
160,139.0
36,47.0
2,5.0
2,23.0
72,113.0
165,204.0
6,30.0
20,84.0
10,15.0
188,223.0
3,0.0
2,0.0
2,25.0
20,32.0
255,266.0
263,232.0
3,0.0
16,0.0
8,0.0
14,56.0
2,0.0
184,187.0
82,103.0
17,7.0
60,65.0
9,0.0
3,77.0
2,30.0
281,259.0
4,11.0
15,11.0
52,21.0
6,9.0
176,164.0
173,131.0
78,63.0
32,23.0
2,0.0
104,89.0
5,1.0
4,5.0
9,0.0
17,0.0
4,1.0
30,49.0
2,0.0
84,67.0
6,5.0
7,30.0
4,1.0
7,0.0
131,139.0
30,61.0
74,56.0
2,0.0
12,0.0
8,3.0
20,0.0
3,5.0
7,0.0
5,0.0
31,79.0
250,252.0
18,0.0
2,0.0
192,207.0
74,98.0
188,181.0
18,28.0
4,7.0
2,1.0
4,23.0
6,0.0
486,455.0
4,38.0
76,98.0
20,21.0
184,150.0
134,98.0
16,34.0
8,3.0
2,0.0
156,131.0
2,13.0
6,11.0
276,252.0
2,0.0
2,0.0
2,0.0
2,0.0
5,1.0
42,86.0
4,40.0
2,0.0
3,11.0
4,21.0
64,74.0
4,0.0
5,11.0
2,0.0
20,43.0
24,7.0
217,178.0
4,1.0
99,63.0
2,30.0
20,15.0
110,93.0
20,3.0
24,34.0
124,118.0
320,283.0
376,394.0
7,0.0
276,308.0
92,54.0
2,0.0
158,189.0
2,23.0
37,61.0
18,25.0
6,0.0
2,17.0
5,30.0
7,0.0
5,32.0
5,0.0
4,0.0
2,0.0
2,30.0
5,21.0
19,30.0
12,0.0
4,47.0
483,403.0
304,327.0
2,0.0
2,0.0
2,0.0
352,372.0
2,0.0
2,30.0
20,0.0
260,269.0
20,23.0
2,0.0
36,63.0
9,19.0
4,11.0
20,0.0
2,3.0
2,15.0
6,0.0
6,28.0
10,9.0
20,25.0
180,181.0
2,11.0
4,36.0
3,11.0
5,25.0
236,214.0
6,21.0
36,0.0
2,0.0
94,74.0
12,30.0
446,460.0
15,25.0
2,0.0
7,0.0
2,17.0
4,0.0
22,9.0
126,103.0
4,0.0
163,150.0
171,150.0
2,45.0
101,65.0
6,0.0
6,1.0
8,0.0
77,74.0
2,3.0
20,38.0
8,45.0
6,0.0
8,0.0
7,23.0
3,7.0
2,13.0
10,0.0
388,407.0
2,0.0
56,70.0
20,23.0
2,0.0
4,0.0
20,0.0
6,13.0
40,19.0
51,17.0
4,9.0
9,0.0
8,23.0
20,49.0
4,21.0
3,0.0
10,0.0
4,0.0
5,17.0
18,13.0
2,0.0
22,9.0
12,17.0
4,7.0
120,181.0
3,3.0
5,0.0
28,9.0
8,25.0
20,32.0
2,0.0
2,0.0
20,72.0
6,9.0
4,5.0
8,17.0
56,72.0
8,34.0
2,0.0
52,40.0
8,32.0
2,0.0
31,7.0
20,21.0
5,0.0
20,38.0
3,5.0
20,21.0
6,0.0
129,134.0
4,40.0
12,0.0
6,0.0
2,0.0
8,0.0
20,1.0
154,172.0
12,0.0
5,1.0
2,0.0
20,0.0
6,0.0
4,11.0
109,98.0
16,28.0
3,17.0
3,0.0
9,0.0
2,0.0
8,0.0
51,56.0
20,11.0
4,15.0
2,0.0
20,40.0
12,11.0
10,1.0
2,0.0
14,28.0
2,45.0
290,272.0
65,72.0
20,0.0
2,0.0
2,0.0
7,9.0
20,38.0
16,0.0
84,89.0
3,15.0
2,52.0
5,21.0
184,187.0
90,103.0
63,106.0
75,38.0
15,9.0
18,0.0
42,38.0
3,0.0
3,0.0
2,0.0
4,0.0
3,0.0
36,74.0
20,34.0
2,0.0
326,297.0
4,9.0
2,38.0
24,38.0
4,23.0
2,25.0
145,129.0
244,236.0
194,150.0
12,54.0
130,142.0
4,54.0
6,5.0
7,45.0
3,0.0
10,0.0
8,19.0
4,32.0
2,0.0
62,47.0
132,121.0
18,17.0
10,32.0
7,30.0
12,0.0
5,0.0
2,0.0
2,25.0
4,0.0
2,9.0
73,81.0
2,5.0
6,11.0
8,0.0
2,11.0
5,32.0
2,0.0
4,23.0
126,91.0
96,142.0
7,11.0
12,1.0
20,0.0
128,98.0
4,0.0
15,19.0
104,131.0
208,207.0
20,17.0
3,0.0
190,195.0
12,34.0
16,21.0
8,9.0
2,0.0
2,0.0
4,0.0
2,23.0
5,0.0
123,93.0
114,123.0
12,21.0
108,134.0
4,0.0
4,34.0
9,0.0
2,0.0
20,40.0
40,74.0
214,178.0
40,70.0
32,54.0
3,0.0
2,15.0
82,139.0
9,0.0
64,67.0
78,81.0
20,0.0
95,98.0
18,28.0
6,0.0
8,15.0
8,0.0
28,21.0
6,30.0
345,347.0
7,28.0
12,11.0
135,166.0
5,0.0
4,0.0
166,198.0
2,0.0
4,0.0
58,36.0
2,0.0
7,0.0
4,30.0
2,17.0
104,79.0
174,172.0
146,144.0
308,339.0
264,252.0
2,0.0
5,38.0
6,13.0
22,77.0
10,0.0
20,30.0
308,290.0
4,1.0
6,13.0
2,30.0
70,81.0
8,0.0
2,0.0
6,21.0
8,21.0
8,11.0
4,5.0
20,13.0
4,13.0
2,0.0
120,126.0
21,32.0
4,61.0
6,0.0
2,0.0
4,0.0
4,5.0
15,3.0
8,0.0
2,1.0
434,426.0
4,5.0
6,0.0
2,0.0
9,40.0
2,0.0
20,0.0
181,155.0
10,0.0
20,34.0
257,283.0
2,0.0
9,0.0
2,43.0
4,1.0
42,38.0
8,11.0
6,17.0
20,45.0
3,5.0
2,11.0
4,0.0
4,3.0
6,34.0
4,0.0
2,0.0
7,13.0
4,67.0
4,0.0
201,262.0
5,36.0
20,25.0
8,0.0
2,21.0
2,15.0
20,45.0
14,0.0
121,103.0
256,266.0
114,161.0
4,30.0
10,0.0
8,36.0
8,0.0
8,3.0
2,13.0
38,30.0
20,34.0
9,23.0
53,47.0
2,36.0
268,276.0
2,0.0
2,0.0
2,0.0
2,0.0
3,0.0
2,23.0
4,17.0
7,9.0
38,72.0
4,0.0
2,0.0
2,25.0
6,0.0
20,21.0
4,3.0
4,0.0
20,34.0
32,89.0
2,9.0
3,19.0
12,0.0
5,36.0
2,0.0
2,0.0
20,28.0
8,1.0
4,0.0
8,15.0
4,1.0
4,0.0
8,30.0
6,47.0
4,0.0
8,9.0
2,0.0
3,9.0
12,0.0
12,0.0
4,0.0
2,0.0
4,5.0
20,32.0
4,23.0
2,5.0
22,65.0
2,30.0
4,15.0
2,0.0
4,36.0
3,0.0
8,5.0
18,40.0
4,15.0
2,0.0
10,1.0
5,0.0
60,70.0
20,21.0
4,23.0
9,0.0
271,239.0
4,9.0
2,15.0
2,0.0
8,21.0
2,0.0
244,255.0
10,0.0
16,23.0
13,0.0
20,34.0
36,40.0
2,0.0
7,13.0
23,0.0
4,13.0
2,30.0
222,187.0
20,61.0
35,45.0
8,0.0
10,0.0
2,0.0
5,0.0
2,25.0
2,1.0
4,34.0
2,1.0
20,0.0
2,3.0
20,0.0
62,54.0
172,147.0
5,0.0
8,17.0
2,0.0
6,38.0
3,0.0
404,376.0
213,226.0
168,126.0
4,0.0
12,0.0
4,0.0
48,58.0
4,0.0
16,52.0
76,72.0
8,0.0
12,13.0
14,19.0
6,38.0
4,30.0
2,15.0
4,23.0
2,0.0
35,54.0
6,1.0
24,0.0
112,153.0
114,164.0
13,25.0
6,15.0
12,0.0
4,34.0
2,19.0
2,38.0
6,0.0
2,7.0
8,13.0
4,61.0
9,0.0
37,38.0
24,30.0
4,0.0
3,0.0
20,0.0
16,19.0
110,116.0
456,548.0
28,25.0
2,5.0
4,0.0
4,9.0
20,1.0
2,0.0
378,327.0
3,0.0
4,3.0
2,32.0
2,43.0
155,131.0
6,15.0
2,13.0
20,19.0
16,45.0
6,19.0
2,7.0
8,32.0
134,116.0
224,184.0
364,364.0
5,25.0
12,0.0
230,239.0
2,0.0
2,0.0
104,108.0
20,9.0
8,0.0
3,0.0
6,0.0
2,5.0
4,0.0
20,38.0
8,0.0
2,17.0
6,23.0
3,17.0
148,150.0
32,38.0
4,0.0
237,217.0
6,0.0
4,0.0
2,0.0
134,84.0
2,1.0
8,32.0
10,0.0
121,139.0
56,58.0
3,9.0
2,54.0
4,0.0
90,89.0
22,47.0
2,0.0
6,0.0
16,1.0
18,7.0
6,17.0
12,67.0
5,0.0
5,0.0
4,52.0
18,70.0
97,106.0
9,28.0
6,40.0
2,9.0
60,77.0
2,47.0
189,155.0
8,0.0
2,0.0
10,30.0
62,56.0
7,19.0
8,0.0
143,153.0
20,0.0
2,25.0
3,0.0
176,158.0
12,13.0
2,0.0
3,0.0
166,134.0
8,30.0
59,91.0
20,0.0
2,3.0
4,7.0
5,0.0
8,19.0
2,0.0
12,25.0
16,11.0
192,210.0
2,0.0
2,17.0
99,118.0
20,17.0
4,0.0
4,17.0
20,32.0
2,0.0
5,0.0
2,0.0
37,0.0
2,0.0
4,0.0
10,43.0
20,58.0
150,129.0
20,21.0
3,30.0
40,1.0
2,0.0
20,30.0
4,34.0
20,30.0
8,13.0
20,43.0
8,3.0
69,43.0
6,17.0
4,0.0
20,0.0
20,34.0
2,0.0
20,38.0
54,40.0
203,187.0
10,49.0
4,0.0
108,126.0
2,17.0
4,0.0
40,52.0
4,25.0
26,5.0
2,28.0
159,113.0
4,0.0
8,34.0
36,45.0
5,0.0
170,184.0
4,0.0
20,3.0
20,0.0
2,0.0
222,239.0
16,0.0
20,0.0
2,21.0
190,164.0
4,0.0
6,43.0
16,0.0
20,38.0
8,9.0
12,23.0
10,0.0
4,30.0
386,389.0
20,7.0
2,0.0
142,136.0
139,118.0
236,301.0
4,0.0
32,7.0
20,9.0
8,0.0
2,0.0
3,21.0
8,11.0
4,21.0
2,11.0
4,30.0
117,103.0
4,0.0
2,7.0
32,47.0
10,28.0
5,11.0
16,19.0
13,13.0
32,65.0
2,36.0
20,32.0
6,3.0
2,19.0
2,23.0
7,0.0
3,9.0
6,25.0
2,0.0
4,0.0
3,0.0
16,56.0
10,36.0
228,262.0
12,11.0
4,0.0
48,1.0
3,0.0
92,101.0
162,184.0
4,34.0
4,0.0
8,17.0
100,84.0
20,5.0
6,43.0
47,43.0
22,0.0
4,21.0
20,23.0
5,0.0
4,19.0
6,0.0
365,372.0
258,279.0
28,61.0
6,32.0
162,123.0
2,3.0
74,121.0
22,13.0
10,21.0
3,45.0
20,32.0
2,9.0
28,11.0
10,0.0
6,0.0
198,201.0
106,121.0
2,9.0
20,70.0
461,450.0
6,1.0
191,192.0
2,17.0
81,81.0
12,0.0
4,0.0
2,7.0
3,11.0
6,0.0
2,63.0
70,45.0
124,142.0
8,0.0
236,198.0
2,0.0
78,70.0
4,1.0
6,0.0
5,30.0
122,116.0
20,67.0
2,23.0
60,25.0
19,3.0
8,0.0
14,25.0
2,17.0
434,381.0
4,0.0
2,0.0
3,17.0
2,0.0
20,21.0
10,9.0
16,5.0
40,38.0
5,15.0
4,1.0
182,161.0
8,0.0
2,0.0
8,3.0
4,11.0
2,3.0
2,0.0
3,0.0
2,0.0
19,63.0
2,17.0
14,0.0
20,17.0
8,7.0
8,0.0
2,9.0
2,0.0
4,0.0
148,106.0
10,19.0
2,0.0
2,17.0
6,15.0
3,0.0
136,164.0
5,11.0
2,0.0
152,126.0
9,15.0
6,56.0
12,5.0
8,28.0
4,3.0
208,175.0
16,0.0
11,15.0
6,7.0
20,21.0
6,0.0
4,40.0
18,28.0
5,13.0
4,0.0
104,72.0
20,0.0
4,0.0
2,38.0
20,38.0
12,17.0
138,153.0
2,28.0
70,56.0
14,1.0
190,147.0
2,5.0
2,0.0
16,56.0
8,0.0
2,0.0
5,0.0
2,0.0
68,98.0
2,0.0
150,181.0
3,7.0
6,7.0
178,178.0
335,335.0
16,21.0
16,15.0
4,0.0
9,23.0
2,34.0
12,17.0
2,19.0
2,1.0
20,11.0
5,0.0
372,440.0
92,139.0
147,116.0
11,86.0
412,376.0
4,3.0
12,5.0
2,0.0
4,19.0
8,1.0
6,21.0
2,0.0
278,335.0
20,23.0
373,376.0
13,32.0
8,9.0
3,13.0
12,3.0
74,86.0
6,0.0
2,1.0
7,25.0
66,49.0
48,45.0
20,19.0
22,0.0
6,0.0
4,47.0
232,220.0
5,32.0
20,25.0
8,28.0
114,86.0
2,0.0
102,136.0
4,15.0
7,0.0
4,0.0
2,0.0
2,0.0
30,13.0
368,368.0
2,0.0
3,65.0
2,0.0
3,0.0
4,0.0
4,0.0
2,7.0
16,17.0
378,364.0
5,28.0
5,38.0
34,23.0
443,398.0
8,21.0
2,0.0
4,36.0
2,11.0
6,13.0
3,0.0
20,38.0
20,56.0
2,3.0
139,161.0
6,0.0
2,0.0
8,0.0
10,0.0
204,220.0
2,45.0
22,17.0
12,36.0
6,0.0
312,364.0
4,19.0
4,9.0
2,0.0
34,5.0
4,19.0
56,47.0
22,74.0
20,17.0
124,136.0
20,17.0
20,19.0
6,1.0
6,0.0
394,327.0
20,17.0
7,7.0
252,290.0
282,324.0
2,36.0
3,25.0
16,15.0
48,67.0
9,7.0
72,72.0
4,40.0
218,207.0
20,32.0
16,19.0
282,279.0
12,3.0
3,34.0
52,40.0
156,192.0
2,19.0
2,11.0
2,0.0
3,11.0
20,15.0
17,7.0
9,0.0
28,54.0
27,38.0
98,126.0
7,0.0
7,43.0
4,3.0
142,134.0
18,7.0
2,0.0
14,7.0
4,19.0
4,5.0
2,9.0
10,13.0
58,96.0
20,52.0
2,11.0
62,98.0
122,181.0
4,0.0
138,147.0
4,5.0
72,103.0
5,32.0
2,0.0
2,25.0
313,316.0
216,236.0
20,0.0
8,0.0
2,11.0
2,15.0
2,0.0
202,236.0
4,36.0
40,23.0
2,61.0
18,17.0
2,0.0
2,0.0
430,430.0
4,5.0
44,52.0
206,192.0
2,0.0
20,36.0
2,0.0
2,21.0
4,3.0
34,21.0
20,34.0
4,7.0
4,11.0
4,0.0
17,38.0
222,232.0
2,47.0
16,28.0
2,0.0
10,3.0
5,7.0
262,239.0
10,0.0
2,0.0
4,7.0
20,32.0
2,0.0
200,198.0
37,23.0
2,40.0
2,0.0
12,38.0
308,331.0
2,1.0
4,0.0
6,25.0
8,19.0
16,7.0
41,72.0
2,45.0
2,0.0
88,129.0
25,21.0
4,0.0
2,0.0
2,30.0
2,19.0
14,1.0
2,28.0
2,0.0
4,0.0
6,17.0
2,0.0
4,0.0
116,121.0
14,61.0
2,0.0
2,7.0
8,36.0
2,0.0
2,7.0
4,0.0
4,19.0
238,229.0
10,19.0
12,0.0
3,1.0
424,460.0
4,0.0
20,21.0
4,0.0
180,187.0
338,308.0
122,129.0
80,47.0
20,15.0
4,0.0
2,40.0
8,0.0
270,269.0
2,0.0
2,0.0
100,81.0
16,9.0
132,153.0
12,43.0
2,43.0
2,0.0
10,52.0
8,9.0
6,0.0
2,9.0
2,11.0
6,67.0
6,23.0
453,455.0
128,84.0
2,3.0
7,30.0
106,129.0
156,111.0
5,0.0
24,19.0
6,21.0
5,15.0
2,11.0
2,0.0
468,519.0
8,19.0
8,0.0
36,38.0
6,34.0
2,0.0
408,440.0
31,47.0
152,164.0
2,0.0
4,0.0
4,47.0
68,103.0
6,0.0
8,5.0
2,1.0
13,36.0
4,5.0
20,3.0
29,63.0
2,9.0
4,36.0
5,0.0
7,0.0
20,15.0
442,465.0
180,187.0
4,0.0
4,0.0
20,58.0
6,17.0
7,15.0
188,187.0
2,0.0
72,25.0
2,19.0
20,19.0
2,32.0
10,0.0
289,294.0
6,0.0
6,0.0
8,0.0
4,25.0
5,19.0
34,70.0
2,0.0
8,0.0
28,11.0
40,25.0
2,0.0
76,65.0
8,7.0
2,11.0
4,11.0
8,13.0
6,23.0
2,11.0
2,0.0
2,0.0
20,21.0
8,0.0
14,21.0
2,0.0
2,0.0
2,13.0
4,3.0
14,11.0
2,34.0
2,0.0
14,21.0
162,113.0
6,32.0
2,0.0
8,0.0
2,5.0
8,7.0
41,49.0
52,74.0
8,23.0
4,23.0
2,17.0
3,0.0
2,58.0
2,32.0
94,113.0
22,34.0
20,70.0
332,305.0
4,0.0
30,0.0
3,54.0
4,30.0
4,21.0
18,15.0
12,1.0
2,17.0
10,0.0
72,63.0
8,15.0
2,3.0
8,15.0
8,34.0
2,17.0
4,17.0
4,0.0
404,486.0
2,0.0
104,139.0
118,74.0
3,32.0
5,0.0
10,7.0
96,108.0
4,36.0
4,25.0
2,5.0
12,0.0
2,17.0
10,0.0
28,7.0
2,0.0
13,45.0
20,79.0
239,195.0
2,0.0
4,0.0
2,11.0
8,11.0
2,0.0
90,98.0
20,36.0
2,7.0
12,17.0
17,0.0
324,272.0
4,47.0
20,25.0
4,17.0
210,175.0
20,13.0
2,0.0
8,9.0
20,43.0
184,201.0
20,21.0
6,45.0
4,0.0
20,7.0
9,0.0
2,43.0
20,19.0
4,7.0
2,25.0
2,0.0
2,0.0
209,172.0
4,38.0
2,0.0
20,58.0
30,43.0
20,13.0
2,0.0
20,0.0
2,0.0
2,0.0
2,17.0
20,7.0
4,0.0
14,49.0
2,19.0
3,23.0
14,32.0
43,30.0
12,5.0
82,56.0
2,0.0
31,63.0
6,0.0
358,412.0
44,32.0
2,23.0
76,77.0
214,220.0
2,9.0
60,108.0
2,19.0
142,158.0
2,0.0
4,1.0
147,161.0
10,19.0
2,0.0
62,61.0
2,61.0
28,54.0
20,0.0
3,25.0
4,49.0
3,0.0
2,13.0
2,19.0
66,74.0
6,5.0
3,0.0
82,63.0
24,21.0
2,0.0
62,52.0
2,5.0
4,0.0
17,5.0
12,23.0
10,34.0
4,3.0
12,0.0
120,142.0
6,45.0
6,72.0
37,0.0
2,49.0
2,19.0
2,0.0
20,0.0
4,28.0
2,11.0
167,172.0
334,331.0
2,15.0
426,440.0
2,17.0
8,36.0
3,15.0
3,0.0
2,5.0
15,28.0
246,290.0
4,0.0
2,40.0
2,0.0
10,9.0
164,158.0
10,30.0
20,0.0
4,9.0
14,0.0
151,126.0
4,1.0
443,412.0
202,189.0
16,23.0
15,49.0
6,0.0
20,17.0
53,28.0
19,0.0
2,0.0
4,0.0
220,181.0
6,0.0
20,32.0
3,54.0
2,0.0
9,0.0
48,58.0
24,47.0
216,198.0
92,147.0
2,13.0
4,0.0
2,19.0
2,0.0
2,0.0
3,45.0
8,0.0
2,15.0
246,252.0
2,1.0
4,0.0
4,3.0
2,15.0
24,0.0
2,13.0
226,155.0
4,0.0
2,0.0
70,47.0
2,0.0
2,0.0
10,11.0
2,7.0
50,38.0
4,13.0
20,52.0
20,9.0
10,34.0
2,7.0
4,7.0
4,0.0
28,65.0
4,13.0
4,40.0
184,172.0
256,287.0
2,0.0
2,3.0
2,17.0
18,13.0
10,43.0
4,32.0
112,134.0
20,17.0
3,0.0
4,0.0
3,13.0
20,17.0
8,13.0
2,0.0
8,0.0
10,45.0
2,0.0
8,30.0
8,0.0
2,0.0
39,19.0
6,0.0
2,28.0
5,9.0
20,36.0
20,13.0
5,61.0
6,5.0
2,0.0
260,279.0
15,0.0
14,36.0
90,101.0
100,111.0
16,32.0
8,13.0
186,164.0
8,30.0
8,0.0
4,11.0
20,0.0
4,13.0
9,32.0
32,25.0
149,134.0
2,23.0
10,0.0
2,9.0
195,276.0
9,9.0
2,0.0
4,3.0
110,86.0
2,0.0
20,25.0
2,23.0
2,0.0
2,0.0
3,19.0
20,5.0
3,0.0
2,61.0
4,0.0
2,23.0
4,19.0
2,5.0
2,0.0
8,34.0
26,38.0
168,164.0
2,0.0
34,19.0
6,11.0
4,36.0
12,19.0
134,131.0
8,19.0
76,54.0
474,455.0
16,9.0
2,54.0
125,158.0
58,19.0
12,13.0
3,43.0
2,28.0
15,43.0
288,245.0
106,103.0
4,0.0
2,23.0
8,34.0
126,118.0
2,36.0
4,0.0
356,276.0
44,19.0
16,9.0
52,34.0
128,111.0
440,435.0
10,0.0
4,0.0
8,0.0
66,72.0
20,45.0
8,34.0
12,0.0
52,56.0
4,3.0
4,11.0
6,0.0
6,0.0
196,232.0
162,181.0
2,0.0
24,13.0
14,0.0
2,0.0
172,166.0
2,0.0
20,0.0
50,77.0
4,3.0
6,0.0
2,0.0
78,65.0
147,158.0
16,19.0
20,28.0
6,0.0
10,19.0
2,7.0
9,0.0
176,195.0
8,13.0
24,19.0
20,15.0
20,28.0
28,23.0
128,158.0
108,123.0
10,0.0
20,3.0
20,54.0
2,0.0
4,3.0
60,93.0
72,43.0
2,0.0
277,262.0
3,5.0
12,1.0
70,79.0
2,0.0
9,0.0
2,38.0
2,0.0
328,339.0
2,0.0
2,0.0
204,181.0
8,15.0
2,0.0
3,0.0
2,45.0
25,23.0
51,72.0
160,220.0
12,0.0
2,32.0
378,403.0
4,0.0
2,7.0
102,72.0
3,0.0
36,0.0
403,421.0
44,38.0
56,43.0
110,118.0
290,290.0
4,0.0
20,0.0
4,0.0
2,7.0
2,19.0
6,52.0
8,17.0
4,7.0
101,70.0
438,398.0
234,210.0
8,13.0
12,0.0
2,9.0
6,45.0
9,0.0
4,9.0
102,54.0
8,45.0
20,13.0
3,15.0
2,0.0
70,36.0
282,272.0
2,0.0
107,77.0
4,32.0
23,11.0
8,0.0
2,1.0
2,0.0
314,335.0
201,195.0
2,0.0
41,72.0
134,147.0
4,9.0
2,0.0
12,19.0
2,0.0
4,36.0
4,30.0
2,5.0
2,0.0
3,3.0
8,5.0
4,32.0
2,34.0
18,23.0
12,7.0
4,28.0
3,0.0
4,21.0
6,52.0
8,0.0
4,0.0
20,7.0
4,0.0
5,0.0
54,63.0
453,430.0
4,0.0
16,25.0
2,34.0
10,0.0
6,9.0
2,0.0
4,11.0
12,1.0
20,7.0
4,77.0
4,19.0
8,34.0
4,21.0
20,11.0
2,21.0
5,0.0
2,5.0
2,11.0
3,11.0
2,0.0
44,0.0
10,0.0
106,98.0
216,249.0
70,61.0
4,0.0
4,0.0
122,86.0
6,40.0
5,25.0
8,0.0
18,81.0
10,19.0
4,19.0
4,0.0
4,17.0
20,21.0
6,1.0
12,32.0
20,0.0
4,0.0
2,11.0
39,30.0
2,0.0
30,30.0
6,49.0
54,86.0
76,67.0
2,63.0
4,0.0
20,9.0
20,21.0
2,0.0
62,63.0
2,11.0
5,0.0
46,34.0
2,0.0
440,343.0
136,63.0
4,15.0
166,144.0
10,32.0
2,0.0
248,226.0
4,0.0
2,32.0
6,40.0
4,0.0
8,0.0
4,0.0
394,381.0
5,0.0
2,25.0
2,0.0
2,1.0
4,0.0
8,0.0
112,84.0
14,28.0
32,49.0
3,23.0
3,25.0
219,201.0
2,32.0
2,0.0
3,15.0
5,5.0
20,36.0
144,161.0
20,7.0
150,136.0
2,1.0
25,40.0
8,5.0
8,5.0
492,416.0
20,11.0
8,0.0
2,11.0
2,0.0
35,36.0
4,17.0
16,5.0
146,108.0
4,30.0
16,0.0
2,11.0
2,0.0
6,3.0
28,32.0
4,34.0
3,19.0
14,13.0
3,0.0
20,0.0
2,7.0
373,355.0
4,0.0
2,21.0
2,0.0
4,11.0
12,40.0
2,0.0
4,0.0
9,11.0
4,34.0
2,3.0
4,0.0
2,28.0
12,0.0
6,0.0
2,0.0
4,0.0
29,0.0
8,17.0
2,21.0
5,49.0
20,9.0
20,34.0
4,1.0
462,513.0
2,28.0
8,21.0
10,23.0
4,0.0
20,25.0
8,5.0
324,301.0
12,15.0
8,21.0
3,17.0
410,416.0
2,3.0
12,11.0
24,0.0
4,11.0
20,23.0
6,47.0
4,0.0
8,0.0
8,0.0
184,229.0
4,5.0
48,52.0
126,139.0
2,0.0
458,486.0
24,21.0
2,3.0
2,0.0
8,0.0
2,65.0
20,21.0
4,0.0
2,7.0
6,11.0
10,0.0
362,412.0
254,232.0
32,52.0
2,13.0
3,38.0
8,0.0
3,19.0
249,287.0
2,1.0
188,195.0
66,74.0
2,0.0
2,17.0
2,0.0
4,0.0
12,28.0
12,34.0
176,150.0
2,23.0
36,49.0
88,106.0
3,56.0
196,201.0
176,139.0
4,52.0
6,9.0
41,40.0
14,0.0
8,34.0
6,3.0
10,25.0
2,0.0
8,0.0
9,7.0
444,502.0
6,0.0
16,47.0
4,0.0
4,9.0
2,0.0
47,21.0
102,98.0
6,17.0
2,7.0
2,0.0
36,43.0
2,43.0
8,0.0
2,0.0
3,17.0
20,9.0
2,0.0
2,0.0
116,89.0
20,21.0
20,49.0
2,0.0
15,0.0
2,47.0
4,0.0
2,15.0
2,0.0
368,376.0
468,513.0
2,7.0
206,201.0
146,126.0
3,0.0
4,13.0
6,3.0
2,9.0
46,38.0
2,25.0
2,0.0
37,58.0
190,178.0
4,5.0
15,7.0
230,217.0
4,25.0
52,21.0
4,36.0
226,229.0
60,81.0
340,376.0
2,0.0
2,15.0
2,23.0
2,11.0
4,0.0
2,3.0
4,13.0
2,40.0
2,36.0
26,38.0
200,201.0
16,30.0
150,164.0
4,0.0
20,23.0
3,30.0
50,65.0
4,0.0
214,217.0
2,0.0
5,0.0
9,15.0
12,61.0
226,220.0
20,15.0
4,0.0
2,5.0
4,0.0
95,93.0
2,0.0
2,0.0
4,0.0
383,465.0
2,0.0
2,11.0
20,47.0
2,25.0
32,0.0
24,17.0
6,0.0
20,7.0
236,220.0
2,32.0
20,19.0
4,28.0
2,0.0
56,43.0
2,0.0
6,0.0
4,30.0
456,445.0
2,7.0
2,21.0
4,0.0
9,23.0
12,0.0
10,25.0
4,0.0
2,1.0
2,0.0
4,15.0
12,0.0
14,3.0
144,142.0
82,74.0
4,7.0
30,0.0
2,19.0
8,0.0
2,0.0
2,23.0
2,0.0
56,84.0
2,15.0
12,36.0
4,0.0
42,28.0
31,89.0
20,25.0
4,9.0
2,0.0
6,47.0
6,38.0
10,0.0
492,502.0
2,9.0
8,0.0
9,0.0
4,0.0
44,40.0
2,13.0
8,0.0
61,77.0
2,0.0
11,21.0
9,0.0
2,0.0
72,86.0
4,11.0
2,0.0
21,7.0
10,0.0
237,232.0
244,195.0
104,63.0
8,0.0
2,7.0
2,0.0
2,21.0
2,1.0
2,0.0
6,49.0
8,17.0
2,32.0
36,65.0
364,316.0
2,0.0
2,0.0
20,47.0
20,58.0
4,0.0
2,0.0
2,0.0
34,11.0
16,9.0
2,0.0
2,34.0
6,7.0
150,108.0
21,0.0
4,1.0
3,17.0
10,47.0
4,23.0
8,38.0
320,335.0
13,45.0
6,3.0
4,0.0
64,54.0
2,3.0
2,5.0
114,113.0
24,25.0
18,45.0
2,0.0
9,25.0
20,13.0
3,9.0
2,0.0
6,15.0
6,0.0
4,5.0
12,17.0
2,30.0
2,11.0
2,15.0
2,17.0
122,121.0
432,412.0
8,89.0
16,15.0
10,0.0
2,15.0
48,58.0
2,30.0
204,262.0
4,3.0
4,0.0
8,9.0
14,30.0
14,19.0
200,161.0
2,15.0
2,0.0
194,255.0
16,0.0
24,15.0
4,15.0
6,0.0
16,34.0
4,0.0
2,17.0
7,25.0
20,0.0
2,40.0
5,0.0
2,23.0
5,23.0
330,316.0
264,255.0
48,91.0
16,13.0
80,93.0
36,19.0
8,0.0
498,513.0
2,5.0
258,217.0
38,15.0
4,15.0
346,327.0
12,1.0
2,0.0
14,11.0
42,17.0
8,0.0
10,11.0
4,1.0
3,0.0
20,28.0
104,116.0
2,1.0
304,290.0
2,0.0
60,52.0
160,142.0
2,30.0
2,1.0
4,25.0
20,19.0
60,32.0
2,5.0
4,0.0
380,412.0
72,47.0
13,23.0
64,70.0
220,204.0
484,480.0
2,9.0
8,11.0
2,0.0
102,106.0
30,34.0
2,0.0
346,339.0
2,1.0
4,0.0
466,450.0
70,108.0
4,23.0
140,178.0
2,0.0
26,23.0
2,0.0
88,126.0
2,30.0
20,9.0
20,0.0
11,23.0
104,113.0
6,0.0
2,40.0
11,11.0
2,0.0
4,15.0
4,0.0
2,0.0
5,49.0
257,249.0
6,11.0
2,0.0
220,210.0
204,189.0
3,0.0
128,96.0
2,15.0
29,21.0
2,0.0
2,9.0
3,17.0
20,32.0
180,147.0
20,0.0
20,32.0
4,0.0
204,229.0
2,28.0
20,0.0
4,9.0
6,13.0
32,61.0
8,0.0
2,21.0
150,139.0
228,229.0
436,480.0
166,181.0
2,0.0
2,0.0
2,0.0
10,9.0
4,7.0
19,15.0
8,0.0
4,0.0
2,0.0
2,0.0
204,178.0
46,72.0
111,123.0
9,0.0
34,21.0
188,158.0
2,0.0
2,0.0
4,47.0
14,0.0
20,0.0
20,40.0
2,0.0
20,0.0
4,34.0
3,7.0
3,7.0
4,0.0
49,52.0
2,25.0
2,25.0
3,7.0
26,34.0
2,0.0
8,28.0
2,52.0
10,0.0
62,81.0
35,0.0
6,0.0
16,19.0
2,17.0
2,23.0
2,0.0
8,13.0
179,195.0
9,1.0
2,40.0
3,0.0
408,389.0
23,34.0
2,0.0
3,58.0
2,0.0
34,49.0
20,0.0
20,25.0
2,5.0
5,15.0
2,9.0
2,7.0
160,195.0
24,25.0
20,38.0
2,1.0
2,11.0
2,19.0
2,15.0
4,0.0
20,21.0
6,0.0
12,32.0
6,7.0
20,32.0
4,0.0
20,0.0
8,17.0
112,131.0
2,15.0
4,0.0
3,32.0
9,19.0
6,0.0
13,0.0
20,36.0
257,242.0
20,38.0
2,0.0
2,15.0
20,5.0
20,40.0
4,3.0
4,0.0
6,0.0
2,23.0
28,63.0
22,34.0
4,11.0
4,30.0
76,84.0
6,23.0
34,58.0
33,38.0
2,0.0
6,7.0
116,101.0
2,9.0
2,13.0
2,0.0
2,0.0
20,34.0
140,123.0
6,23.0
2,15.0
66,72.0
18,32.0
6,7.0
20,61.0
6,0.0
10,0.0
2,11.0
72,63.0
2,0.0
2,36.0
4,0.0
11,56.0
8,5.0
4,7.0
2,47.0
148,106.0
20,61.0
20,1.0
48,5.0
2,0.0
112,56.0
2,21.0
2,13.0
132,134.0
118,121.0
7,47.0
10,0.0
8,3.0
6,0.0
16,13.0
6,0.0
20,0.0
80,77.0
22,79.0
394,355.0
4,30.0
2,0.0
162,161.0
45,32.0
26,54.0
2,25.0
4,0.0
5,0.0
262,262.0
15,30.0
4,0.0
10,0.0
110,91.0
2,0.0
26,21.0
4,1.0
4,25.0
85,106.0
4,38.0
224,204.0
2,0.0
10,13.0
2,0.0
124,101.0
98,89.0
70,72.0
4,0.0
2,0.0
20,49.0
2,0.0
2,0.0
20,49.0
188,187.0
10,0.0
26,74.0
20,43.0
20,9.0
216,226.0
436,394.0
2,3.0
16,34.0
3,30.0
20,7.0
24,21.0
20,15.0
6,47.0
8,7.0
2,0.0
4,13.0
2,0.0
6,0.0
106,123.0
20,7.0
3,0.0
6,0.0
2,13.0
6,0.0
14,3.0
14,28.0
4,0.0
2,7.0
6,21.0
2,0.0
110,81.0
2,0.0
6,28.0
337,394.0
20,43.0
2,17.0
398,339.0
20,1.0
126,86.0
2,0.0
12,34.0
4,0.0
20,19.0
8,9.0
3,0.0
32,19.0
4,3.0
2,45.0
190,181.0
482,455.0
20,52.0
2,36.0
334,312.0
2,0.0
4,0.0
2,0.0
2,0.0
20,0.0
20,3.0
4,0.0
2,0.0
4,52.0
20,32.0
2,0.0
2,0.0
146,158.0
2,0.0
166,178.0
18,5.0
4,23.0
12,7.0
348,287.0
4,45.0
2,13.0
20,21.0
8,0.0
20,43.0
284,294.0
2,45.0
106,81.0
2,1.0
4,32.0
2,7.0
90,103.0
17,1.0
100,126.0
38,11.0
6,45.0
86,93.0
3,21.0
3,34.0
14,65.0
400,412.0
376,364.0
112,155.0
24,54.0
9,7.0
187,201.0
2,3.0
3,0.0
2,19.0
20,23.0
93,98.0
2,0.0
2,0.0
106,84.0
2,0.0
130,118.0
12,17.0
8,3.0
20,45.0
4,5.0
4,17.0
14,3.0
22,43.0
4,0.0
4,3.0
8,30.0
144,223.0
12,1.0
3,0.0
6,0.0
4,0.0
68,86.0
60,70.0
8,65.0
4,0.0
6,0.0
2,0.0
2,0.0
64,45.0
2,0.0
10,21.0
24,25.0
4,25.0
362,381.0
3,3.0
20,47.0
2,0.0
100,134.0
422,524.0
4,34.0
4,40.0
103,116.0
9,0.0
8,15.0
68,86.0
30,77.0
2,25.0
8,3.0
6,0.0
2,0.0
2,0.0
2,0.0
4,0.0
6,17.0
5,19.0
8,0.0
314,364.0
2,0.0
20,9.0
4,0.0
2,0.0
6,25.0
2,0.0
2,21.0
2,19.0
44,70.0
12,3.0
272,245.0
62,79.0
16,11.0
16,32.0
4,15.0
2,11.0
100,123.0
4,0.0
20,0.0
2,0.0
166,169.0
20,0.0
8,15.0
448,470.0
2,0.0
2,25.0
2,13.0
3,0.0
3,9.0
2,13.0
4,0.0
2,30.0
2,0.0
2,0.0
2,28.0
2,40.0
2,0.0
2,17.0
2,34.0
8,0.0
3,25.0
6,0.0
16,36.0
40,84.0
166,144.0
20,47.0
8,30.0
2,0.0
2,15.0
186,187.0
12,15.0
4,28.0
2,23.0
2,21.0
124,153.0
4,0.0
10,0.0
42,52.0
6,0.0
26,13.0
22,36.0
6,0.0
154,147.0
44,23.0
2,0.0
2,0.0
232,198.0
4,9.0
76,89.0
74,93.0
4,7.0
24,7.0
4,7.0
2,13.0
19,0.0
4,0.0
8,3.0
8,0.0
218,229.0
28,25.0
18,0.0
24,28.0
20,38.0
4,23.0
2,3.0
48,61.0
194,169.0
2,34.0
7,0.0
20,61.0
4,5.0
10,13.0
163,198.0
6,0.0
4,0.0
20,0.0
60,65.0
20,28.0
2,0.0
2,5.0
96,79.0
20,25.0
2,9.0
5,0.0
2,21.0
431,435.0
22,52.0
20,49.0
2,0.0
2,40.0
2,54.0
236,255.0
20,54.0
2,1.0
277,259.0
20,25.0
10,0.0
6,0.0
22,7.0
4,13.0
4,0.0
6,0.0
36,17.0
2,21.0
2,23.0
4,25.0
20,7.0
20,23.0
184,201.0
12,0.0
150,147.0
2,0.0
2,28.0
11,3.0
118,126.0
6,0.0
2,3.0
2,21.0
2,0.0
4,28.0
6,0.0
2,45.0
20,0.0
3,0.0
174,161.0
2,0.0
10,0.0
20,63.0
4,0.0
4,40.0
4,11.0
56,38.0
3,21.0
12,21.0
2,0.0
14,28.0
2,11.0
4,11.0
52,72.0
420,480.0
3,77.0
2,3.0
2,30.0
2,15.0
3,0.0
2,13.0
2,0.0
6,0.0
20,7.0
2,9.0
20,56.0
44,34.0
2,28.0
6,0.0
32,28.0
337,331.0
58,70.0
4,0.0
20,0.0
6,28.0
2,0.0
10,11.0
242,249.0
3,0.0
8,19.0
2,0.0
2,0.0
4,3.0
2,32.0
20,0.0
5,3.0
2,58.0
196,147.0
4,0.0
4,0.0
8,1.0
336,347.0
4,0.0
4,0.0
98,84.0
8,19.0
2,0.0
2,0.0
4,0.0
2,0.0
4,9.0
2,0.0
20,11.0
2,9.0
2,3.0
2,5.0
2,15.0
10,0.0
2,0.0
2,0.0
6,0.0
2,1.0
20,17.0
102,111.0
6,25.0
2,17.0
116,93.0
112,155.0
8,34.0
8,40.0
2,9.0
2,30.0
10,34.0
55,65.0
188,239.0
2,49.0
3,11.0
2,0.0
10,0.0
8,0.0
3,11.0
2,0.0
2,23.0
2,3.0
2,0.0
10,9.0
4,28.0
8,0.0
6,5.0
20,45.0
2,0.0
20,25.0
192,189.0
2,3.0
2,0.0
239,226.0
3,15.0
4,0.0
2,0.0
8,9.0
2,0.0
2,36.0
10,40.0
20,13.0
2,0.0
8,21.0
6,0.0
8,9.0
6,0.0
48,34.0
6,17.0
2,0.0
20,52.0
66,70.0
8,30.0
3,45.0
44,38.0
2,0.0
54,47.0
110,111.0
2,0.0
2,0.0
2,0.0
14,11.0
4,0.0
160,126.0
6,0.0
122,139.0
20,30.0
2,5.0
2,21.0
21,0.0
2,0.0
252,324.0
178,131.0
410,398.0
2,3.0
2,5.0
54,61.0
2,0.0
20,25.0
4,0.0
33,63.0
8,0.0
2,0.0
417,398.0
20,5.0
160,144.0
2,25.0
20,0.0
9,9.0
6,0.0
124,89.0
2,19.0
16,5.0
2,3.0
28,63.0
8,23.0
378,430.0
94,111.0
4,0.0
2,3.0
4,0.0
4,3.0
28,47.0
54,63.0
20,45.0
2,0.0
2,0.0
234,242.0
4,19.0
38,15.0
50,43.0
166,153.0
42,9.0
2,0.0
12,15.0
2,0.0
138,113.0
2,36.0
4,30.0
102,144.0
2,0.0
486,542.0
136,158.0
28,54.0
2,9.0
17,13.0
20,0.0
2,0.0
2,23.0
60,61.0
20,63.0
4,13.0
2,0.0
74,56.0
2,0.0
20,15.0
2,3.0
4,11.0
4,7.0
2,7.0
2,3.0
8,72.0
12,0.0
2,0.0
2,0.0
156,144.0
52,47.0
2,0.0
2,34.0
371,339.0
20,13.0
22,30.0
17,65.0
6,0.0
4,3.0
192,172.0
3,49.0
9,0.0
4,36.0
312,276.0
2,32.0
10,21.0
2,0.0
2,0.0
2,0.0
130,91.0
2,0.0
2,11.0
6,1.0
144,181.0
20,0.0
4,3.0
3,17.0
20,3.0
4,61.0
20,0.0
2,0.0
64,116.0
4,3.0
2,0.0
14,52.0
452,385.0
20,32.0
4,0.0
2,0.0
2,0.0
40,23.0
15,32.0
232,239.0
4,0.0
20,63.0
2,0.0
2,0.0
129,147.0
468,450.0
2,0.0
2,13.0
20,0.0
4,5.0
110,101.0
4,36.0
4,7.0
442,421.0
354,331.0
9,36.0
74,45.0
10,1.0
2,7.0
4,21.0
2,0.0
20,23.0
12,28.0
2,21.0
14,25.0
20,43.0
312,290.0
2,11.0
12,11.0
10,19.0
8,5.0
188,169.0
10,0.0
6,0.0
20,34.0
4,0.0
20,32.0
28,9.0
10,17.0
4,13.0
2,1.0
12,36.0
2,11.0
4,28.0
412,426.0
2,19.0
5,0.0
2,25.0
8,36.0
8,9.0
4,9.0
38,61.0
20,15.0
20,15.0
2,0.0
2,0.0
4,0.0
2,34.0
2,0.0
100,106.0
2,3.0
120,147.0
260,290.0
20,38.0
2,17.0
20,0.0
326,372.0
20,23.0
2,5.0
10,45.0
2,0.0
8,38.0
6,0.0
12,38.0
20,25.0
2,23.0
6,0.0
16,5.0
2,0.0
20,3.0
206,207.0
16,3.0
4,0.0
170,181.0
6,0.0
2,72.0
4,19.0
6,0.0
2,11.0
40,15.0
2,1.0
4,0.0
10,47.0
132,158.0
2,0.0
2,0.0
36,58.0
290,272.0
32,56.0
10,40.0
4,9.0
12,9.0
40,36.0
100,89.0
480,519.0
134,136.0
2,3.0
2,21.0
2,0.0
2,0.0
3,0.0
4,0.0
164,155.0
20,0.0
4,0.0
20,0.0
16,0.0
320,347.0
6,19.0
2,0.0
40,56.0
2,36.0
2,0.0
2,0.0
2,45.0
7,0.0
4,9.0
20,1.0
8,5.0
4,0.0
12,0.0
485,560.0
272,316.0
14,49.0
92,108.0
20,65.0
260,283.0
4,0.0
2,56.0
8,9.0
112,103.0
46,19.0
2,36.0
2,9.0
2,32.0
2,0.0
2,0.0
2,13.0
3,34.0
8,0.0
2,0.0
28,3.0
3,3.0
2,0.0
148,108.0
2,0.0
2,5.0
2,0.0
6,0.0
4,0.0
6,0.0
416,412.0
8,0.0
220,207.0
8,9.0
332,312.0
2,0.0
6,1.0
2,0.0
2,19.0
4,0.0
2,25.0
20,17.0
4,15.0
28,36.0
8,36.0
20,32.0
161,220.0
2,0.0
414,403.0
9,15.0
8,0.0
110,192.0
4,1.0
2,0.0
2,25.0
6,5.0
2,0.0
2,5.0
4,0.0
9,0.0
270,269.0
3,0.0
364,416.0
4,0.0
8,0.0
60,84.0
2,3.0
2,0.0
2,23.0
2,3.0
4,0.0
2,0.0
10,13.0
2,0.0
10,23.0
8,0.0
22,3.0
2,25.0
20,15.0
29,54.0
2,3.0
2,21.0
2,0.0
20,1.0
20,38.0
178,164.0
8,5.0
3,3.0
22,0.0
216,252.0
28,40.0
4,0.0
16,54.0
6,15.0
2,21.0
2,0.0
9,0.0
2,52.0
50,21.0
2,0.0
2,0.0
2,0.0
2,9.0
34,56.0
4,58.0
20,25.0
2,32.0
2,0.0
4,32.0
2,25.0
144,86.0
116,116.0
2,13.0
2,11.0
6,1.0
22,15.0
8,5.0
2,21.0
2,0.0
66,77.0
436,502.0
160,195.0
2,19.0
4,0.0
16,0.0
2,0.0
6,15.0
3,17.0
2,32.0
2,1.0
4,28.0
2,9.0
32,9.0
20,43.0
20,45.0
20,0.0
2,40.0
148,172.0
8,1.0
4,38.0
20,5.0
4,5.0
2,21.0
2,0.0
146,153.0
4,30.0
2,0.0
14,38.0
6,32.0
3,0.0
2,0.0
4,25.0
6,15.0
4,25.0
10,11.0
2,7.0
6,0.0
16,34.0
24,63.0
64,106.0
2,32.0
8,0.0
2,28.0
2,0.0
6,0.0
88,72.0
6,0.0
6,15.0
2,1.0
84,91.0
2,25.0
4,0.0
4,0.0
2,0.0
146,169.0
6,38.0
4,40.0
2,0.0
268,266.0
2,5.0
2,9.0
12,3.0
8,0.0
4,0.0
18,0.0
120,79.0
20,49.0
2,40.0
148,144.0
2,30.0
4,19.0
12,40.0
72,61.0
20,7.0
4,15.0
2,5.0
8,32.0
2,3.0
10,21.0
8,0.0
4,0.0
258,242.0
2,9.0
12,0.0
2,0.0
208,239.0
20,13.0
2,7.0
58,25.0
2,52.0
170,192.0
2,1.0
2,0.0
2,0.0
2,25.0
2,25.0
20,49.0
2,38.0
2,0.0
2,17.0
2,3.0
2,13.0
20,17.0
56,74.0
4,0.0
12,9.0
2,13.0
88,103.0
12,1.0
8,36.0
20,11.0
20,32.0
28,0.0
8,0.0
92,136.0
6,0.0
20,3.0
2,0.0
222,249.0
4,0.0
2,5.0
4,0.0
6,23.0
494,430.0
6,7.0
368,403.0
2,5.0
4,0.0
4,13.0
14,0.0
148,111.0
206,210.0
20,11.0
2,0.0
4,47.0
90,108.0
2,13.0
4,7.0
2,9.0
2,30.0
20,47.0
8,1.0
116,111.0
4,0.0
4,17.0
2,0.0
2,32.0
24,43.0
4,7.0
2,0.0
132,134.0
20,28.0
4,0.0
4,23.0
160,210.0
58,52.0
220,172.0
4,0.0
120,155.0
2,0.0
2,0.0
48,72.0
8,54.0
20,30.0
4,3.0
2,17.0
2,13.0
3,3.0
128,147.0
16,9.0
20,28.0
2,0.0
20,21.0
136,150.0
2,21.0
3,15.0
4,0.0
4,52.0
2,0.0
2,0.0
3,17.0
2,0.0
436,491.0
2,0.0
12,0.0
4,49.0
2,23.0
48,38.0
2,25.0
136,89.0
2,43.0
20,5.0
116,131.0
4,0.0
386,343.0
394,412.0
2,0.0
8,1.0
66,58.0
4,38.0
234,239.0
2,0.0
2,0.0
20,7.0
2,0.0
3,0.0
122,93.0
2,0.0
2,3.0
20,9.0
6,15.0
146,129.0
20,30.0
2,0.0
8,36.0
315,290.0
6,15.0
134,147.0
20,0.0
16,11.0
2,15.0
2,7.0
4,34.0
2,17.0
4,56.0
20,32.0
20,63.0
12,25.0
38,58.0
2,38.0
46,43.0
12,13.0
2,32.0
25,23.0
20,43.0
12,0.0
38,56.0
92,86.0
8,30.0
324,320.0
2,23.0
4,34.0
4,15.0
2,0.0
42,28.0
242,172.0
2,49.0
102,98.0
16,13.0
12,0.0
2,30.0
2,23.0
384,416.0
64,72.0
2,7.0
2,0.0
10,77.0
6,0.0
2,0.0
5,65.0
2,38.0
4,0.0
4,21.0
8,0.0
4,0.0
9,40.0
220,220.0
12,43.0
6,0.0
2,0.0
4,0.0
32,0.0
2,0.0
8,11.0
3,1.0
2,13.0
12,0.0
12,0.0
4,0.0
8,32.0
104,108.0
40,34.0
2,1.0
20,28.0
74,74.0
2,45.0
2,0.0
320,331.0
18,34.0
148,189.0
4,9.0
282,242.0
24,19.0
2,0.0
460,455.0
8,15.0
34,47.0
66,43.0
8,0.0
2,0.0
36,52.0
2,17.0
8,25.0
10,0.0
2,5.0
2,0.0
20,23.0
10,0.0
10,9.0
2,25.0
16,0.0
4,5.0
20,0.0
12,65.0
2,0.0
110,38.0
34,45.0
6,9.0
214,204.0
20,0.0
2,49.0
4,0.0
2,9.0
2,0.0
2,0.0
4,0.0
458,491.0
4,19.0
4,0.0
2,0.0
6,25.0
2,0.0
2,0.0
8,49.0
2,40.0
81,43.0
2,21.0
2,5.0
20,0.0
4,17.0
272,283.0
24,23.0
2,21.0
2,0.0
20,34.0
4,5.0
3,3.0
2,15.0
2,0.0
4,28.0
44,43.0
152,158.0
8,21.0
4,0.0
250,236.0
2,0.0
46,58.0
6,30.0
24,3.0
2,21.0
32,0.0
30,25.0
306,331.0
20,5.0
2,1.0
2,0.0
20,13.0
4,30.0
2,0.0
2,23.0
2,7.0
4,5.0
96,101.0
4,9.0
42,13.0
6,0.0
14,7.0
2,19.0
6,5.0
12,21.0
2,0.0
4,0.0
2,0.0
18,38.0
14,23.0
26,34.0
128,139.0
2,11.0
2,0.0
172,155.0
96,111.0
26,36.0
116,93.0
2,0.0
14,3.0
2,0.0
8,0.0
132,118.0
4,17.0
20,21.0
128,111.0
2,0.0
8,11.0
2,0.0
2,0.0
4,9.0
32,32.0
2,0.0
20,32.0
2,5.0
62,58.0
3,9.0
3,0.0
10,56.0
2,5.0
20,32.0
2,1.0
6,43.0
4,21.0
2,11.0
104,91.0
26,47.0
4,28.0
4,0.0
36,19.0
2,0.0
2,0.0
9,13.0
2,11.0
6,0.0
4,3.0
2,9.0
20,25.0
2,0.0
4,21.0
2,11.0
8,7.0
4,0.0
24,23.0
10,0.0
10,0.0
50,65.0
4,5.0
2,0.0
2,0.0
110,123.0
2,7.0
28,25.0
106,142.0
2,30.0
362,351.0
414,407.0
2,13.0
2,1.0
2,0.0
2,1.0
62,84.0
20,0.0
20,9.0
130,136.0
4,0.0
2,17.0
2,0.0
2,0.0
10,21.0
10,13.0
4,0.0
2,0.0
152,195.0
2,0.0
2,0.0
2,0.0
44,36.0
2,23.0
6,25.0
2,23.0
252,245.0
2,15.0
2,30.0
18,7.0
242,242.0
2,0.0
2,3.0
2,0.0
4,9.0
20,30.0
2,0.0
3,0.0
2,0.0
20,23.0
20,0.0
20,0.0
32,25.0
4,1.0
2,1.0
4,0.0
6,0.0
128,150.0
6,0.0
2,17.0
13,32.0
2,0.0
8,56.0
2,0.0
2,0.0
4,0.0
2,0.0
156,144.0
2,0.0
20,0.0
4,0.0
20,30.0
2,15.0
20,0.0
2,0.0
20,58.0
20,28.0
16,34.0
4,0.0
144,129.0
298,389.0
260,294.0
24,0.0
2,3.0
2,0.0
8,0.0
8,28.0
8,52.0
20,23.0
32,11.0
326,320.0
20,0.0
114,86.0
4,32.0
20,7.0
2,0.0
386,305.0
8,47.0
6,0.0
52,28.0
8,70.0
2,0.0
10,38.0
4,40.0
6,13.0
3,38.0
4,36.0
14,0.0
2,7.0
2,0.0
4,1.0
20,49.0
20,19.0
4,36.0
2,13.0
20,7.0
106,61.0
8,0.0
2,19.0
2,1.0
2,11.0
20,0.0
4,0.0
40,67.0
4,58.0
20,70.0
2,11.0
2,38.0
4,0.0
2,0.0
2,9.0
2,0.0
2,23.0
160,164.0
136,108.0
16,0.0
2,15.0
2,23.0
4,0.0
2,0.0
2,0.0
172,229.0
2,0.0
2,36.0
20,0.0
320,287.0
4,7.0
72,89.0
2,0.0
2,11.0
4,17.0
4,17.0
10,0.0
4,0.0
14,13.0
14,0.0
4,11.0
128,131.0
20,13.0
20,25.0
48,70.0
6,9.0
2,3.0
4,0.0
112,118.0
2,0.0
152,172.0
10,61.0
134,96.0
2,36.0
4,0.0
4,17.0
6,21.0
366,385.0
134,131.0
2,0.0
10,0.0
10,0.0
2,0.0
56,58.0
2,34.0
2,25.0
6,3.0
112,81.0
78,70.0
116,129.0
2,0.0
110,72.0
28,13.0
20,36.0
132,129.0
2,30.0
20,30.0
2,13.0
8,5.0
10,36.0
2,0.0
36,13.0
2,0.0
78,81.0
2,0.0
2,3.0
2,25.0
4,0.0
4,0.0
21,21.0
2,34.0
2,0.0
4,32.0
474,491.0
86,103.0
8,3.0
142,118.0
4,21.0
84,96.0
22,47.0
2,25.0
12,0.0
20,7.0
18,43.0
4,0.0
2,0.0
4,0.0
2,0.0
2,7.0
2,0.0
2,15.0
66,81.0
4,15.0
2,9.0
20,0.0
8,0.0
12,0.0
4,0.0
2,34.0
4,0.0
56,72.0
2,0.0
20,23.0
4,0.0
168,187.0
20,65.0
2,5.0
6,11.0
2,0.0
20,7.0
2,0.0
10,7.0
20,15.0
14,9.0
2,47.0
2,3.0
4,0.0
194,187.0
20,0.0
388,398.0
2,0.0
4,25.0
2,15.0
44,21.0
20,15.0
20,21.0
2,0.0
6,52.0
2,11.0
2,32.0
2,0.0
86,113.0
218,255.0
8,9.0
10,52.0
140,184.0
2,11.0
2,0.0
8,15.0
2,0.0
4,0.0
106,118.0
2,32.0
4,0.0
118,86.0
20,38.0
18,0.0
480,560.0
192,178.0
22,47.0
2,0.0
162,189.0
112,111.0
52,32.0
278,320.0
2,0.0
32,34.0
2,9.0
20,7.0
58,61.0
4,0.0
2,0.0
2,0.0
332,359.0
140,103.0
2,0.0
2,23.0
2,0.0
20,58.0
107,49.0
20,32.0
2,3.0
2,15.0
16,0.0
30,40.0
2,28.0
6,0.0
2,0.0
14,0.0
304,294.0
2,28.0
362,327.0
2,0.0
6,0.0
440,421.0
10,70.0
10,3.0
10,21.0
6,5.0
152,166.0
238,201.0
2,0.0
4,5.0
2,0.0
2,1.0
2,30.0
18,47.0
70,74.0
2,21.0
6,11.0
312,308.0
424,445.0
42,40.0
3,0.0
4,21.0
2,1.0
6,52.0
8,0.0
10,38.0
2,13.0
126,129.0
4,0.0
296,331.0
42,36.0
259,259.0
62,72.0
2,0.0
2,0.0
2,0.0
162,166.0
12,32.0
144,142.0
20,0.0
24,9.0
244,245.0
42,77.0
2,0.0
24,13.0
62,49.0
15,25.0
4,34.0
2,5.0
16,13.0
2,0.0
24,40.0
8,32.0
6,38.0
21,15.0
24,38.0
14,36.0
220,184.0
20,0.0
20,3.0
2,1.0
8,0.0
12,21.0
36,43.0
2,5.0
2,0.0
4,0.0
2,0.0
36,3.0
2,0.0
198,201.0
6,23.0
2,21.0
20,43.0
50,38.0
2,1.0
4,23.0
3,0.0
4,30.0
400,389.0
276,262.0
20,21.0
10,5.0
3,0.0
2,0.0
20,54.0
2,7.0
184,153.0
2,0.0
24,25.0
2,54.0
284,245.0
58,58.0
2,23.0
2,0.0
170,118.0
20,7.0
20,23.0
108,70.0
20,19.0
20,9.0
10,54.0
114,111.0
2,40.0
2,0.0
2,38.0
348,297.0
2,0.0
2,0.0
126,116.0
4,0.0
8,34.0
50,30.0
4,9.0
2,0.0
4,0.0
128,153.0
2,1.0
2,7.0
2,1.0
2,0.0
2,23.0
22,47.0
6,0.0
2,9.0
10,17.0
2,0.0
2,1.0
8,0.0
48,49.0
72,30.0
2,32.0
2,21.0
20,56.0
2,0.0
20,23.0
4,34.0
2,21.0
12,0.0
6,0.0
2,34.0
26,17.0
20,0.0
8,19.0
4,3.0
2,0.0
8,40.0
4,30.0
24,49.0
94,121.0
14,38.0
2,0.0
12,28.0
2,0.0
20,15.0
2,0.0
2,5.0
2,0.0
352,343.0
4,0.0
2,0.0
20,5.0
4,0.0
2,21.0
142,161.0
2,11.0
2,1.0
2,0.0
8,1.0
4,0.0
4,7.0
14,34.0
4,0.0
6,0.0
160,153.0
2,0.0
2,21.0
20,45.0
2,3.0
264,242.0
4,13.0
182,166.0
20,30.0
2,34.0
2,0.0
2,23.0
10,17.0
324,283.0
20,32.0
232,226.0
220,166.0
30,25.0
272,255.0
8,17.0
20,0.0
2,0.0
3,0.0
2,3.0
10,28.0
2,9.0
6,17.0
8,63.0
36,9.0
118,147.0
2,0.0
2,0.0
2,21.0
12,17.0
2,0.0
132,158.0
2,0.0
162,201.0
172,204.0
56,40.0
3,36.0
4,7.0
2,5.0
20,3.0
20,38.0
2,23.0
4,0.0
2,15.0
276,279.0
2,5.0
4,3.0
6,15.0
22,7.0
2,0.0
4,0.0
148,139.0
2,0.0
8,0.0
2,0.0
48,25.0
26,30.0
20,38.0
2,67.0
4,0.0
398,389.0
42,47.0
2,32.0
116,136.0
4,23.0
8,0.0
58,52.0
2,7.0
4,0.0
2,0.0
8,1.0
52,47.0
2,1.0
150,166.0
150,166.0
20,47.0
8,3.0
48,86.0
20,47.0
4,9.0
6,0.0
122,111.0
48,34.0
2,17.0
112,89.0
52,77.0
23,11.0
2,0.0
4,21.0
2,0.0
2,9.0
4,0.0
4,3.0
164,161.0
4,52.0
2,25.0
4,0.0
26,1.0
2,25.0
46,67.0
4,0.0
4,0.0
2,19.0
20,30.0
2,7.0
4,3.0
8,47.0
2,0.0
4,40.0
2,25.0
20,25.0
4,17.0
20,58.0
4,1.0
3,0.0
2,7.0
2,5.0
44,19.0
8,0.0
2,0.0
20,28.0
2,0.0
2,36.0
24,63.0
8,21.0
2,32.0
4,0.0
10,7.0
4,0.0
244,223.0
8,0.0
76,106.0
8,45.0
6,23.0
20,25.0
2,0.0
2,36.0
8,9.0
2,11.0
2,0.0
174,153.0
2,0.0
10,17.0
2,0.0
2,32.0
224,161.0
8,0.0
2,1.0
2,5.0
20,13.0
2,30.0
6,23.0
2,9.0
2,0.0
12,0.0
8,0.0
20,15.0
6,0.0
20,40.0
18,52.0
2,0.0
4,0.0
4,3.0
2,36.0
6,13.0
8,56.0
6,1.0
2,36.0
400,385.0
2,40.0
44,52.0
306,324.0
4,3.0
118,161.0
6,0.0
2,0.0
4,17.0
10,7.0
16,0.0
2,13.0
106,113.0
20,52.0
4,36.0
10,19.0
2,0.0
20,30.0
32,56.0
128,106.0
20,0.0
2,0.0
18,47.0
374,407.0
354,355.0
8,17.0
2,0.0
2,38.0
2,0.0
2,0.0
2,0.0
128,118.0
24,36.0
2,0.0
2,3.0
